ken_code,ken_description,basic_cost,mean_duration_days,extra_daily_cost
Ε01Α,Μεταμόσχευση ήπατος,28907.00,26,1111.81
Ε03Α,Μεταμόσχευση καρδιάς- πνευμόνων,50379.00,35,1439.40
Ε04Α,Μεταμοσχεύσεις Πνευμόνων,30015.00,20,1500.75
Ε05Α,Μεταμόσχευση Καρδιάς,34279.00,40,856.98
Ε06ΧΓ,Τραχειοστομία χωρίς καταστροφικές συνυπάρχουσες παθήσεις-επιπλοκές,8261.00,15,550.73
Ε07Α,Αλλογενής μεταμόσχευση μυελού οστών,26508.00,34,779.65
Ε08Μ,Αυτόλογη μεταμόσχευση μυελού οστών με καταστροφικές συνυπάρχουσες παθήσεις- επιπλοκές,10017.00,24,417.38
Ε08Χ,Αυτόλογη μεταμόσχευση μυελού οστών χωρίς καταστροφικές συνυπάρχουσες παθήσεις- επιπλοκές,3683.00,10,368.30
Ε09Α,Μεταμόσχευση νεφρού+παγκρέατος,15346.00,16,959.12
Ε09Β,Μεταμόσχευση νεφρού χωρίς μεταμόσχευση παγκρέατος,9669.00,8,1208.62
Ε09Γ,Μεταμόσχευση παγκρέατος,10706.00,15,713.73
Ε10Α,Εμφύτευση συσκευών κοιλιακής υποβοήθησης,94009.00,54,1740.91
Ε11Μ,Τοποθέτηση εμφυτεύσιμων συσκευών έγχυσης σπονδυλικής στήλης με καταστροφικές συνυπάρχουσες παθήσεις- επιπλοκές,10704.00,15,713.60
Ε11Χ,Τοποθέτηση εμφυτεύσιμων συσκευών έγχυσης σπονδυλικής στήλης χωρίς καταστροφικές συνυπάρχουσες παθήσεις- επιπλοκές,5302.00,6,883.67
Ε12Α,Εμφύτευση συσκευής νευροδιέγερσης,6414.00,3,2138.00
Ε13Α,Εξωσωματική συσκευή οξυγόνωσης ECMO,37063.00,31,1195.58
Ν01Μ,Επανεπέμβαση κοιλιακής παροχεύτεσης με καταστροφικές ή σοβαρές συνυπάρχουσες παθήσεις – επιπλοκές,2528.00,7,361.14
Ν01Χ,Επανεπέμβαση κοιλιακής παροχεύτεσης χωρίς καταστροφικές ή σοβαρές συνυπάρχουσες παθήσεις – επιπλοκές,1980.00,5,396.00
Ν02ΜΑ,Επεμβάσεις κρανίου με καταστροφικές συνυπάρχουσες παθήσεις - επιπλοκές,7730.00,18,429.44
Ν02ΜΒ,Επεμβάσεις κρανίου με σοβαρές συνυπάρχουσες παθήσεις - επιπλοκές,4721.00,11,429.18
Ν02Χ,Επεμβάσεις κρανίου χωρίς καταστροφικές ή σοβαρές συνυπάρχουσες παθήσεις - επιπλοκές,3836.00,7,548.00
Ν03Μ,Επεμβάσεις σπονδυλικής στήλης με καταστροφικές ή σοβαρές συνυπάρχουσες παθήσεις – επιπλοκές,5914.00,15,394.27
Ν03Χ,Επεμβάσεις σπονδυλικής στήλης χωρίς καταστροφικές ή σοβαρές συνυπάρχουσες παθήσεις – επιπλοκές,3990.00,5,798.00
Ν04Μ,Εξωκράνιες αγγειοχειρουργικές επεμβάσεις με καταστροφικές συνυπάρχουσες παθήσεις - επιπλοκές,4267.00,12,355.58
Ν04Χ,Εξωκράνιες αγγειοχειρουργικές επεμβάσεις χωρίς καταστροφικές συνυπάρχουσες παθήσεις - επιπλοκές,2470.00,4,617.50
Ν05Α,Αποσυμπίεση καρπιαίου σωλήνα,439.00,1,439.00
Ν06Μ,"Επεμβάσεις για παράλυση προσωπικού νεύρου, μυϊκή δυστροφία, νευροπάθεια με συνυπάρχουσες παθήσεις - επιπλοκές",3297.00,13,253.62
Ν06Χ,"Επεμβάσεις για παράλυση προσωπικού νεύρου, μυϊκή δυστροφία, νευροπάθεια χωρίς συνυπάρχουσες παθήσεις - επιπλοκές",969.00,2,484.50
Ν07Μ,Επεμβάσεις σε περιφερικά νεύρα και εγκεφαλικές συζυγίες και άλλες επεμβάσεις του νευρικού συστήματος με συνυπάρχουσες παθήσεις - επιπλοκές,2513.00,9,279.22
Ν07Χ,Επεμβάσεις σε περιφερικά νεύρα και εγκεφαλικές συζυγίες και άλλες επεμβάσεις του νευρικού συστήματος χωρίς συνυπάρχουσες παθήσεις - επιπλοκές,1110.00,2,555.00
Ν10Α,"Πλασμαφαίρεση με νευρολογική νόσο-συμμετοχή, την ίδια ημέρα",163.00,1,163.00
Ν11Α,Τηλεμετρικός έλεγχος-καταγραφή ηλεκτροεγκεφαλογραφήματος,1331.00,5,266.20
Ν12Μ,Διάγνωση νοσήματαoς νευρικού συστήματος με υποστήριξη αναπνευστήρα με καταστροφικές συνυπάρχουσες παθήσεις - επιπλοκές,5390.00,13,414.62
Ν12Χ,Διάγνωση νoσήματος νευρικού συστήματος με υποστήριξη αναπνευστήρα χωρίς καταστροφικές συνυπάρχουσες παθήσεις - επιπλοκές,3720.00,7,531.43
Ν20Μ,Οξεία εμφάνιση παραπληγίας/τετραπληγίας με ή χωρίς χειρουργικές επεμβάσεις με καταστροφικές συνυπάρχουσες παθήσεις - επιπλοκές,6919.00,25,276.76
Ν20Χ,Οξεία εμφάνιση παραπληγίας / τετραπληγίας με ή χωρίς χειρουργικές επεμβάσεις χωρίς καταστροφικές συνυπάρχουσες παθήσεις - επιπλοκές,2576.00,10,257.60
Ν21Μ,Καταστάσεις νωτιαίου μυελού με ή χωρίς χειρουργικές επεμβάσεις με καταστροφικές ή σοβαρές συνυπάρχουσες παθήσεις – επιπλοκές,4960.00,16,310.00
Ν21Χ,Καταστάσεις νωτιαίου μυελού με ή χωρίς χειρουργικές επεμβάσεις χωρίς καταστροφικές ή σοβαρές συνυπάρχουσες παθήσεις – επιπλοκές,1885.00,5,377.00
Ν22Α,Αφαίρεση- εξωσωματική θεραπεία αίματος,243.00,1,243.00
Ν23Α,Άνοια (ανοικτή συνδρομή) και άλλες χρόνιες δυσλειτουργίες της εγκεφαλικής λειτουργίας,2109.00,13,162.23
Ν24Μ,Παραλήρημα /Διέγερση με καταστροφικές συνυπάρχουσες παθήσεις - επιπλοκές,2389.00,13,183.77
Ν24Χ,Παραλήρημα /Διέγερση με /χωρίς καταστροφικές συνυπάρχουσες παθήσεις - επιπλοκές,1159.00,6,193.17
Ν25Α,Εγκεφαλική παράλυση,482.00,2,241.00
Ν26Μ,Νεοπλάσματα νευρικού συστήματος με καταστροφικές ή σοβαρές συνυπάρχουσες παθήσεις – επιπλοκές,2062.00,9,229.11
Ν26Χ,Νεοπλάσματα νευρικού συστήματος χωρίς καταστροφικές ή σοβαρές συνυπάρχουσες παθήσεις – επιπλοκές,872.00,4,218.00
Ν27ΜΑ,Εκφυλιστικά νοσήματα-διαταραχές νευρικού συστήματος με καταστροφικές ή σοβαρές συνυπάρχουσες παθήσεις – επιπλοκές,2529.00,13,194.54
Ν27ΜΒ,Εκφυλιστικά νοσήματα -διαταραχές νευρικού συστήματος με μεσαίας βαρύτητας συνυπάρχουσες παθήσεις – επιπλοκές,1307.00,8,163.38
Ν27Χ,Εκφυλιστικά νοσήματα (διαταραχές) νευρικού συστήματος χωρίς συνυπάρχουσες παθήσεις – επιπλοκές,482.00,3,160.67
Ν28Μ,Σκλήρυνση κατά πλάκας και παρεγκεφαλιδική αταξία με συνυπάρχουσες παθήσεις - επιπλοκές,1907.00,9,211.89
Ν68Χ,Σκλήρυνση κατά πλάκας και παρεγκεφαλιδική αταξία χωρίς συνυπάρχουσες παθήσεις - επιπλοκές,565.00,2,282.50
Ν29Μ,Παροδικό εγκεφαλικό ισχαιμικό επεισόδιο και προεγκεφαλιδική απόφραξη με καταστροφικές ή σοβαρές συνυπάρχουσες παθήσεις – επιπλοκές,1230.00,6,205.00
Ν29Χ,Παροδικό ισχαιμικό επεισόδιο και προεγκεφαλιδική απόφραξη χωρίς καταστροφικές ή σοβαρές συνυπάρχουσες παθήσεις – επιπλοκές,545.00,3,181.67
Ν30ΜΑ,Αγγειακό εγκεφαλικό επεισόδιο και άλλες αγγειακές εγκεφαλικές δυσλειτουργίες με καταστροφικές συνυπάρχουσες παθήσεις - επιπλοκές,3408.00,17,200.47
Ν30ΜΒ,Αγγειακό εγκεφαλικό επεισόδιο και άλλες αγγειακές εγκεφαλικές δυσλειτουργίες με σοβαρές συνυπάρχουσες παθήσεις - επιπλοκές,1860.00,9,206.67
Ν30Χ,Αγγειακό εγκεφαλικό επεισόδιο και άλλες αγγειακές εγκεφαλικές δυσλειτουργίες χωρίς καταστροφικές ή σοβαρές συνυπάρχουσες παθήσεις - επιπλοκές,1191.00,6,198.50
Ν31Μ,Δυσλειτουργίες κρανιακών ή περιφερικών νεύρων με συνυπάρχουσες παθήσεις - επιπλοκές,1510.00,7,215.71
Ν31Χ,Δυσλειτουργίες κρανιακών ή περιφερικών νεύρων χωρίς συνυπάρχουσες παθήσεις - επιπλοκές,280.00,2,140.00
Ν32Μ,Λοίμωξη νευρικού συστήματος εκτός από ιογενή μηνιγγίτιδα με καταστροφικές ή σοβαρές συνυπάρχουσες παθήσεις – επιπλοκές,3175.00,14,226.79
Ν32Χ,Λοίμωξη νευρικού συστήματος εκτός από ιογενή μηνιγγίτιδα χωρίς καταστροφικές ή σοβαρές συνυπάρχουσες παθήσεις – επιπλοκές,1183.00,5,236.60
Ν33Α,Ιογενής μηνιγγίτιδα,739.00,3,246.33
Ν34Χ,Μη τραυματικής αιτιολογίας βυθιότητα-λήθαργος και κώμα με συνυπάρχουσες παθήσεις – επιπλοκές,1012.00,5,202.40
Ν35Α,Πυρετικοί σπασμοί,350.00,1,350.00
Ν36Μ,Σπασμοί με καταστροφικές συνυπάρχουσες παθήσεις - επιπλοκές,1486.00,6,247.67
Ν36Χ,Σπασμοί χωρίς καταστροφικές συνυπάρχουσες παθήσεις - επιπλοκές,482.00,2,241.00
Ν37Α,Κεφαλαλγία,335.00,2,167.50
Ν38Μ,Ενδοκρανιακή (κρανιοεγκεφαλική) κάκωση με καταστροφικές ή σοβαρές συνυπάρχουσες παθήσεις – επιπλοκές,2327.00,10,232.70
Ν38Χ,Ενδοκρανιακή (κρανιοεγκεφαλική) κάκωση χωρίς καταστροφικές ή σοβαρές συνυπάρχουσες παθήσεις – επιπλοκές,879.00,4,219.75
Ν39Μ,Κατάγματα κρανίου με καταστροφικές ή σοβαρές συνυπάρχουσες παθήσεις – επιπλοκές,1323.00,5,264.60
Ν39Χ,Κατάγματα κρανίου χωρίς καταστροφικές ή σοβαρές συνυπάρχουσες παθήσεις – επιπλοκές,537.00,7,76.71
Ν40Α,Άλλες κακώσεις κεφαλής,272.00,1,272.00
Ν41Μ,Άλλες διαταραχές του νευρικού συστήματος με καταστροφικές ή σοβαρές συνυπάρχουσες παθήσεις – επιπλοκές,1837.00,10,183.70
Ν41Χ,Άλλες διαταραχές του νευρικού συστήματος χωρίς καταστροφικές ή σοβαρές συνυπάρχουσες παθήσεις – επιπλοκές,693.00,3,231.00
Ν42ΜΑ,Χρόνια και μη διευκρινισμένη παραπληγία/ τετραπληγία με ή χωρίς χειρουργικές επεμβάσεις με καταστροφικές συνυπάρχουσες παθήσεις – επιπλοκές,5805.00,23,252.39
Ν82ΜΒ,Χρόνια και μη διευκρινισμένη παραπληγία/ τετραπληγία με ή χωρίς χειρουργικές επεμβάσεις με σοβαρές συνυπάρχουσες παθήσεις – επιπλοκές,2475.00,11,225.00
Ν82Χ,Χρόνια και μη διευκρινισμένη παραπληγία/ τετραπληγία με ή χωρίς χειρουργικές επεμβάσεις χωρίς καταστροφικές/σοβαρές συνυπάρχουσες παθήσεις – επιπλοκές,1416.00,6,236.00
Ο01Α,Επεμβάσεις για διατρηταίνοντες τραυματισμούς των οφθαλμών,1395.00,3,465.00
Ο02Α,Εκπυρήνωση-εξόρυξη και επεμβάσεις οφθαλμικού κόγχου,1611.00,3,537.00
Ο03Α,Επεμβάσεις αμφιβληστροειδούς,837.00,1,837.00
Ο04Α,"Σοβαρές επεμβάσεις κερατοειδούς, σκληρού και επιπεφυκότα",1356.00,3,452.00
Ο05Α,Ασκορυνοστομία,896.00,1,896.00
Ο10Α,Επεμβάσεις Στραβισμού,650.00,1,650.00
Ο11Α,Επεμβάσεις βλεφάρων,639.00,1,639.00
Ο12Α,"Λοιπές επεμβάσεις κερατοειδούς, σκληρού και επιπεφυκότα",583.00,1,583.00
Ο13Α,Επεμβάσεις δακρυϊκής συσκευής,336.00,1,336.00
Ο14Α,Λοιπές επεμβάσεις οφθαλμού,406.00,2,203.00
Ο15Α,Επεμβάσεις γλαυκώματος και περίπλοκες επεμβάσεις καταρράκτη,1026.00,2,513.00
Ο15Β,Επεμβάσεις γλαυκώματος και περίπλοκες επεμβάσεις καταρράκτη την ίδια μέρα,687.00,1,687.00
Ο16Α,Επεμβάσεις φακού (από καταράκτη κ.λπ.),592.00,1,592.00
Ο17Α,Μεταμοσχεύσεις Κερατοειδούς,2423.00,10,242.30
Ο20Μ,Επεμβάσεις για οξείες και μείζονες Λοιμώξεις του οφθαλμού με συνυπάρχουσες παθήσεις- επιπλοκές,1860.00,8,232.50
Ο20Χ,Επεμβάσεις για οξείες και μείζονες Λοιμώξεις του οφθαλμού χωρίς συνυπάρχουσες παθήσεις- επιπλοκές,1035.00,4,258.75
Ο21Μ,Νευρολογικές και αγγειακές δυσλειτουργίες του οφθαλμού με συνυπάρχουσες παθήσεις- επιπλοκές,934.00,5,186.80
Ο61Χ,Νευρολογικές και αγγειακές δυσλειτουργίες του οφθαλμού χωρίς συνυπάρχουσες παθήσεις- επιπλοκές,482.00,2,241.00
Ο22Α,Ύφαιμα και ιατρική αντιμετώπιση τραυματισμών του οφθαλμού,327.00,2,163.50
Ο23Α,Λοιπές δυσλειτουργίες οφθαλμού,420.00,2,210.00
Ω01Α,Κοχλιακά εμφυτεύματα,24000.00,1,24000.00
Ω02ΜΑ,Επεμβάσεις κεφαλής και τραχήλου με καταστροφικές η σοβαρές συνυπάρχουσες παθήσεις,5420.00,11,492.73
Ω02ΜΒ,Επεμβάσεις κεφαλής και τραχήλου με κακοήθεια ή μετριοπαθείς συνυπάρχουσες παθήσεις,2570.00,4,642.50
Ω02Χ,Επεμβάσεις κεφαλής και τραχήλου χωρίς κακοήθεια χωρίς μετριοπαθείς συνυπάρχουσες παθήσεις,1609.00,2,804.50
Ω03Α,Χειρουργική διόρθωση ή επισκευή παθήσεων του λαγώχειλου ή λυκοστόματος,1281.00,2,640.50
Ω04Μ,Γναθοχειρουργική με συνυπάρχουσες παθήσεις-επιπλοκές,3125.00,4,781.25
Ω04Χ,Γναθοχειρουργική χωρίς συνυπάρχουσες παθήσεις-επιπλοκές,1934.00,2,967.00
Ω05Α,Επεμβάσεις της παρωτίδος,1859.00,2,929.50
Ω06Α,Επεμβάσεις παραρηνίων κόλπων και σύνθετες επεμβάσεις μέσου ωτός,1125.00,1,1125.00
Ω10Α,Επεμβάσεις ρινικές,787.00,1,787.00
Ω11Α,Αμυγδαλεκτομές και / ή Αδενοηδεκτομές,526.00,1,526.00
Ω12Α,Άλλες επεμβάσεις του ΩΡΛ και στόματος,946.00,1,946.00
Ω13Α,Τυμπανοτωμή ( Μυριγγεκτομή ) με εισαγωγή σωλήνα,347.00,1,347.00
Ω14Α,Επεμβάσεις του στόματος και σιαλογόνων αδένων,740.00,2,370.00
Ω15Α,Επεμβάσεις μαστοειδούς,2145.00,2,1072.50
Ω20Α,Οδοντικές εξαγωγές και αποκαταστάσεις,557.00,1,557.00
Ω30Μ,Κακοήθεια ΩΡΛ και στόματος με καταστροφικές ή σοβαρές συνυπάρχουσες παθήσεις,2288.00,9,254.22
Ω30Χ,Κακοήθεια ΩΡΛ και στόματος με καταστροφικές χωρίς σοβαρές συνυπάρχουσες παθήσεις,545.00,2,272.50
Ω31Α,Ίλλιγγος,444.00,2,222.00
Ω32Α,Ρινορραγία,358.00,2,179.00
Ω33Α,Μέση ωτίτιδα και λοιμώξεις του ανώτερου αναπνευστικού,397.00,2,198.50
Ω34Α,Λαρυγγοτραχειίτιδα και επιγλωττίτις,288.00,1,288.00
Ω35Α,Ρινικό τραύμα και δυσμορφία,265.00,1,265.00
Ω36Μ,Άλλες διαγνώσεις του ΩΡΛ και στόματος με συνυπάρχουσες παθήσεις-επιπλοκές,957.00,4,239.25
Ω36Χ,Άλλες διαγνώσεις του ΩΡΛ και στόματος χωρίς συνυπάρχουσες παθήσεις-επιπλοκές,243.00,1,243.00
Ω37Α,"Στοματικές και οδοντικές διαταραχές εκτός από εξαγωγές και αποκαταστάσεις, την ίδια ημέρα",254.00,1,254.00
Ω37Β,Στοματικές και οδοντικές διαταραχές εκτός από εξαγωγές και αποκαταστάσεις,661.00,3,220.33
Α01Μ,Μείζονες επεμβάσεις θώρακος με καταστροφικές συνυπάρχουσες παθήσεις- επιπλοκές,4701.00,15,313.40
Α01Χ,Μείζονες επεμβάσεις θώρακος χωρίς καταστροφικές συνυπάρχουσες παθήσεις- επιπλοκές,2712.00,7,387.43
Α02ΜΑ,Λοιπές χειρουργικές επεμβάσεις αναπνευστικού συστήματος με καταστροφικές συνυπάρχουσες παθήσεις- επιπλοκές,3922.00,16,245.12
Α02ΜΒ,Λοιπές χειρουργικές επεμβάσεις αναπνευστικού συστήματος με σοβαρές ή μεσαίας βαρύτητας συνυπάρχουσες παθήσεις - επιπλοκές,1595.00,5,319.00
Α02Χ,Λοιπές επεμβάσεις αναπνευστικού συστήματος χωρίς συνυπάρχουσες παθήσεις - επιπλοκές,683.00,1,683.00
Α10Μ,Νοσήματα αναπνευστικού συστήματος με μηχανική αναπνευστική υποστήριξη με καταστροφικές συνυπάρχουσες παθήσεις - επιπλοκές,6036.00,12,503.00
Α10Χ,Νοσήματα αναπνευστικού συστήματος με μηχανική αναπνευστική υποστήριξη χωρίς καταστροφικές συνυπάρχουσες παθήσεις - επιπλοκές,4627.00,8,578.38
Α11Χ,Νοσήματα αναπνευστικού συστήματος χωρίς επεμβατικό μηχανικό αερισμό,3635.00,12,302.92
Α12Α,"Βρογχοσκόπηση, την ίδια ημέρα",1910.00,1,1910.00
Α12Μ,Βρογχοσκόπηση με καταστροφικές συνυπάρχουσες παθήσεις - επιπλοκές,3984.00,17,234.35
Α12Χ,Βρογχοσκόπηση χωρίς καταστροφικές συνυπάρχουσες παθήσεις - επιπλοκές,1798.00,7,256.86
Α20Μ,Κυστική ίνωση με καταστροφικές ή σοβαρές συνυπάρχουσες παθήσεις - επιπλοκές,3696.00,13,284.31
Α20Χ,Κυστική ίνωση χωρίς καταστροφικές ή σοβαρές συνυπάρχουσες παθήσεις - επιπλοκές,2638.00,10,263.80
Α21Μ,Πνευμονική εμβολή με καταστροφικές συνυπάρχουσες παθήσεις - επιπλοκές,2187.00,11,198.82
Α21Χ,Πνευμονική εμβολή χωρίς καταστροφικές συνυπάρχουσες παθήσεις - επιπλοκές,1035.00,6,172.50
Α22ΜΑ,Αναπνευστικές λοιμώξεις / φλεγμονές με καταστροφικές συνυπάρχουσες παθήσεις - επιπλοκές,1938.00,10,193.80
Α22ΜΒ,Αναπνευστικές λοιμώξεις/ φλεγμονές με σοβαρές ή μεσαίας βαρύτητας συνυπάρχουσες παθήσεις – επιπλοκές,1144.00,6,190.67
Α22Χ,Αναπνευστικές λοιμώξεις/ φλεγμονές χωρίς συνυπάρχουσες παθήσεις – επιπλοκές,630.00,3,210.00
Α23Α,Σύνδρομο άπνοιας ύπνου,319.00,1,319.00
Α24Μ,Πνευμονικό οίδημα και αναπνευστική ανεπάρκεια με καταστροφικές συνυπάρχουσες παθήσεις - επιπλοκές,1821.00,8,227.62
Α24Χ,Πνευμονικό οίδημα και αναπνευστική ανεπάρκεια χωρίς καταστροφικές συνυπάρχουσες παθήσεις - επιπλοκές,949.00,4,237.25
Α25Μ,Χρόνια αποφρακτική πνευμονοπάθεια με καταστροφικές συνυπάρχουσες παθήσεις - επιπλοκές,1766.00,9,196.22
Α25Χ,Χρόνια αποφρακτική πνευμονοπάθεια χωρίς καταστροφικές συνυπάρχουσες παθήσεις - επιπλοκές,949.00,5,189.80
Α26ΜΑ,Μείζον τραύμα Θώρακος με καταστροφικές συνυπάρχουσες παθήσεις - επιπλοκές,2467.00,12,205.58
Α26ΜΒ,Μείζον τραύμα Θώρακος με σοβαρές ή μεσαίας βαρύτητας συνυπάρχουσες παθήσεις – επιπλοκές,1175.00,5,235.00
Α26Χ,Μείζον τραύμα Θώρακος με συνυπάρχουσες παθήσεις - επιπλοκές,607.00,3,202.33
Α27Μ,Αναπνευστικά σημεία και συμπτώματα με καταστροφικές ή σοβαρές συνυπάρχουσες παθήσεις - επιπλοκές,864.00,4,216.00
Α27Χ,Αναπνευστικά σημεία και συμπτώματα χωρίς καταστροφικές ή σοβαρές συνυπάρχουσες παθήσεις - επιπλοκές,350.00,2,175.00
Α28Μ,Πνευμοθώρακας με συνυπάρχουσες παθήσεις - επιπλοκές,1377.00,6,229.50
Α28Χ,Πνευμοθώρακας χωρίς συνυπάρχουσες παθήσεις - επιπλοκές,623.00,3,207.67
Α29Μ,Βρογχίτιδα και άσθμα με συνυπάρχουσες παθήσεις - επιπλοκές,872.00,4,218.00
Α29Χ,Βρογχίτιδα και άσθμα χωρίς συνυπάρχουσες παθήσεις - επιπλοκές,397.00,2,198.50
Α30Μ,Υλακώδης βήχας και οξεία βρογχιολίτιδα με συνυπάρχουσες παθήσεις - επιπλοκές,1331.00,5,266.20
Α30Χ,Υλακώδης βήχας και οξεία βρογχιολίτιδα χωρίς συνυπάρχουσες παθήσεις - επιπλοκές,607.00,2,303.50
Α31Μ,Νεοπλάσματα αναπνευστικού με καταστροφικές συνυπάρχουσες παθήσεις - επιπλοκές,1798.00,9,199.78
Α31Χ,Νεοπλάσματα αναπνευστικού χωρίς καταστροφικές συνυπάρχουσες παθήσεις - επιπλοκές,910.00,5,182.00
Α32Α,Αναπνευστικά προβλήματα αναδυόμενα από τη νεογνική περίοδο,846.00,4,211.50
Α33ΜΑ,Πλευριτική συλλογή με καταστροφικές συνυπάρχουσες παθήσεις - επιπλοκές,2023.00,10,202.30
Α33ΜΒ,Πλευριτική συλλογή με σοβαρές ή μεσαίου βαρύτητας συνυπάρχουσες παθήσεις - επιπλοκές,1043.00,5,208.60
Α33Χ,Πλευριτική συλλογή χωρίς συνυπάρχουσες παθήσεις - επιπλοκές,607.00,3,202.33
Α34ΜΑ,Διάμεση πνευμονική νόσος με καταστροφικές συνυπάρχουσες παθήσεις - επιπλοκές,1977.00,10,197.70
Α34ΜΒ,Διάμεση πνευμονική νόσος με σοβαρές ή μεσαίας βαρύτητας συνυπάρχουσες παθήσεις – επιπλοκές,1393.00,7,199.00
Α34Χ,Διάμεση πνευμονική νόσος χωρίς συνυπάρχουσες παθήσεις - επιπλοκές,638.00,3,212.67
Α35ΜΑ,Λοιπές διαγνώσεις αναπνευστικού συστήματος με καταστροφικές συνυπάρχουσες παθήσεις - επιπλοκές,1556.00,8,194.50
Α35ΜΒ,Λοιπές διαγνώσεις αναπνευστικού συστήματος με σοβαρές ή μεσαίας βαρύτητας συνυπάρχουσες παθήσεις – επιπλοκές,973.00,5,194.60
Α35Χ,Λοιπές διαγνώσεις αναπνευστικού συστήματος χωρίς συνυπάρχουσες παθήσεις - επιπλοκές,475.00,2,237.50
Α36Α,Φυματίωση αναπνευστικού,2412.00,14,172.29
Κ01Μ,"Τοποθέτηση ή αντικατάσταση εμφυτεύσιμου απινιδωτή, ολικό σύστημα με καταστροφικές συνυπάρχουσες παθήσεις - επιπλοκές",16215.00,12,1351.25
Κ01Χ,"Τοποθέτηση ή αντικατάσταση εμφυτεύσιμου απινιδωτή, ολικό σύστημα χωρίς καταστροφικές συνυπάρχουσες παθήσεις-επιπλοκές",12420.00,3,4140.00
Κ02Α,Άλλες επεμβάσεις επί εμφυτεύσιμου απινιδωτή,2844.00,4,711.00
Κ03Μ,Επεμβάσεις σε καρδιακές βαλβίδες με εξωσωματική κυκλοφορία και με επεμβατικό καρδιακό καθετηριασμό με καταστροφικές συνυπάρχουσες παθήσεις-επιπλοκές,15429.00,23,670.83
Κ03Χ,Επεμβάσεις σε καρδιακές βαλβίδες με εξωσωματική κυκλοφορία και με επεμβατικό καρδιακό καθετηριασμό χωρίς καταστροφικές συνυπάρχουσες παθήσεις-επιπλοκές,11734.00,13,902.62
Κ04Μ,Επεμβάσεις σε καρδιακές βαλβίδες με εξωσωματική κυκλοφορία χωρίς επεμβατικό καρδιακό καθετηριασμό και με καταστροφικές συνυπάρχουσες παθήσεις-επιπλοκές,13155.00,14,939.64
Κ04Χ,Επεμβάσεις σε καρδιακές βαλβίδες με εξωσωματική κυκλοφορία χωρίς επεμβατικό καρδιακό καθετηριασμό και χωρίς καταστροφικές συνυπάρχουσες παθήσεις-επιπλοκές,9163.00,8,1145.38
Κ05Μ,Αορτοστεφανιαία παράκαμψη με καρδιακό καθετηριασμό με επανεπέμβαση με καταστροφικές συνυπάρχουσες παθήσεις-επιπλοκές,10023.00,18,556.83
Κ05Χ,Αορτοστεφανιαία παράκαμψη με καρδιακό καθετηριασμό χωρίς επανεπέμβαση χωρίς καταστροφικές συνυπάρχουσες παθήσεις-επιπλοκές,7270.00,13,559.23
Κ06Μ,Αορτοστεφανιαία παράκαμψη χωρίς καρδιακό καθετηριασμό με επανεπέμβαση ή με καταστροφικές / σοβαρές συνυπάρχουσες παθήσεις-επιπλοκές,7182.00,10,718.20
Κ06Χ,Αορτοστεφανιαία παράκαμψη χωρίς καρδιακό καθετηριασμό χωρίς επανεπέμβαση χωρίς καταστροφικές συνυπάρχουσες παθήσεις-επιπλοκές,5077.00,7,725.29
Κ07ΜΑ,Λοιπές κάρδιο-θώρακοχειρουργικές /αγγειοχειρουργικές επεμβάσεις με εξωσωματική κυκλοφορία με καταστροφικές συνυπάρχουσες παθήσεις-επιπλοκές,10554.00,12,879.50
Κ07ΜΒ,Λοιπές κάρδιο-θώρακοχειρουργικές /αγγειοχειρουργικές επεμβάσεις με εξωσωματική κυκλοφορία με σοβαρές ή μετρίας βαρύτητας συνυπάρχουσες παθήσεις-επιπλοκές,7279.00,8,909.88
Κ07Χ,Λοιπές κάρδιο-θώρακοχειρουργικές /αγγειοχειρουργικές επεμβάσεις με εξωσωματική κυκλοφορία χωρίς συνυπάρχουσες παθήσεις-επιπλοκές,5354.00,7,764.86
Κ08Μ,Μείζονες επανορθωτικές επεμβάσεις αγγείων χωρίς εξωσωματική κυκλοφορία με καταστροφικές συνυπάρχουσες παθήσεις-επιπλοκές,8956.00,16,559.75
Κ08Χ,Μείζονες επανορθωτικές επεμβάσεις αγγείων χωρίς εξωσωματική κυκλοφορία χωρίς καταστροφικές συνυπάρχουσες παθήσεις-επιπλοκές,5561.00,7,794.43
Κ09ΜΑ,Λοιπές κάρδιοθωρακικές χειρουργικές επεμβάσεις χωρίς εξωσωματική κυκλοφορία με καταστροφικές συνυπάρχουσες παθήσεις-επιπλοκές,6413.00,10,641.30
Κ09ΜΒ,Άλλες κάρδιο-θώρακοχειρουργικές επεμβάσεις χωρίς εξωσωματική κυκλοφορία με σοβαρής ή μέτριας βαρύτητας συνυπάρχουσες παθήσεις-επιπλοκές,3617.00,6,602.83
Κ09Χ,Άλλες κάρδιο-θώρακοχειρουργικές επεμβάσεις χωρίς εξωσωματική κυκλοφορία χωρίς συνυπάρχουσες παθήσεις-επιπλοκές,2386.00,3,795.33
Κ10Μ,Επεμβατικές στεφανιαίες επεμβάσεις με ΟΕΜ (οξύ έμφραγμα μυοκαρδίου) με καταστροφικές συνυπάρχουσες παθήσεις-επιπλοκές,4166.00,8,520.75
Κ10Χ,Επεμβατικές στεφανιαίες επεμβάσεις με ΟΕΜ (οξύ έμφραγμα μυοκαρδίου) χωρίς καταστροφικές συνυπάρχουσες παθήσεις-επιπλοκές,2724.00,4,681.00
Κ11Μ,"Ακρωτηριασμός λόγω αγγειακής ισχαιμίας, πλην άνω άκρου και δακτύλων άκρου ποδός, με καταστροφικές συνυπάρχουσες παθήσεις-επιπλοκές",7292.00,27,270.07
Κ11Χ,"Ακρωτηριασμός λόγω αγγειακής ισχαιμίας, πλην άνω άκρου και δακτύλων άκρου ποδός, χωρίς καταστροφικές συνυπάρχουσες παθήσεις-επιπλοκές",3223.00,14,230.21
Κ12Μ,"Τοποθέτηση ή αντικατάσταση βηματοδότη, ολικού συστήματος, με καταστροφικές συνυπάρχουσες παθήσεις-επιπλοκές",5465.00,11,496.82
Κ12Χ,"Τοποθέτηση ή αντικατάσταση βηματοδότη, ολικού συστήματος χωρίς καταστροφικές συνυπάρχουσες παθήσεις-επιπλοκές",3694.00,4,923.50
Κ13Μ,Ακρωτηριασμός άνω άκρου ή δακτύλου άκρου ποδός λόγω νοσήματος κυκλοφορικού με σοβαρού βαθμού ή καταστροφικές συνυπάρχουσες παθήσεις-επιπλοκές,3969.00,17,233.47
Κ13Χ,Ακρωτηριασμός άνω άκρου ή δακτύλου άκρου ποδός λόγω καρδιαγγειακού νοσήματος χωρίς σοβαρού βαθμού ή καταστροφικές συνυπάρχουσες παθήσεις-επιπλοκές,1660.00,7,237.14
Κ14ΜΑ,"Αγγειακές επεμβάσεις, πλην μειζόνων επανορθωτικών επεμβάσεων, χωρίς εξωσωματική κυκλοφορία με καταστροφικές συνυπάρχουσες παθήσεις-επιπλοκές",3569.00,11,324.45
Κ14ΜΒ,"Αγγειακές επεμβάσεις, πλην μειζόνων επανορθωτικών επεμβάσεων, χωρίς εξωσωματική κυκλοφορία, με σοβαρού ή μετρίου βαθμού συνυπάρχουσες παθήσεις-επιπλοκές",1991.00,4,497.75
Κ14Χ,"Αγγειακές επεμβάσεις, πλην μειζόνων επανορθωτικών επεμβάσεων, χωρίς εξωσωματική κυκλοφορία χωρίς συνυπάρχουσες παθήσεις-επιπλοκές",1277.00,2,638.50
Κ15Μ,Επεμβατικές στεφανιαίες επεμβάσεις χωρίς ΟΕΜ (οξύ έμφραγμα μυοκαρδίου) με τοποθέτηση ενδοπρόθεσης (stent) με σοβαρού βαθμού ή καταστροφικές συνυπάρχουσες παθήσεις-επιπλοκές,2728.00,4,682.00
Κ15Χ,Επεμβατικές στεφανιαίες επεμβάσεις χωρίς ΟΕΜ (οξύ έμφραγμα μυοκαρδίου) με τοποθέτηση ενδοπρόθεσης (stent) χωρίς σοβαρού βαθμού ή καταστροφικές συνυπάρχουσες παθήσεις-επιπλοκές,2013.00,2,1006.50
Κ16Μ,Επεμβατικές στεφανιαίες επεμβάσεις χωρίς ΟΕΜ (οξύ έμφραγμα μυοκαρδίου) χωρίς τοποθέτηση ενδοπρόθεσης (stent) με συνυπάρχουσες παθήσεις-επιπλοκές,1531.00,3,510.33
Κ16Χ,Επεμβατικές μέθοδοι στα στεφανιαία χωρίς ΟΕΜ (οξύ έμφραγμα μυοκαρδίου) χωρίς τοποθέτηση ενδοπρόθεσης (stent) χωρίς συνυπάρχουσες παθήσεις-επιπλοκές,1118.00,2,559.00
Κ17Μ,Τοποθέτηση ή αντικατάσταση γεννήτριας βηματοδότη με σοβαρού βαθμού ή καταστροφικές συνυπάρχουσες παθήσεις-επιπλοκές,2892.00,5,578.40
Κ17Χ,Τοποθέτηση ή αντικατάσταση γεννήτριας βηματοδότη χωρίς σοβαρού βαθμού ή καταστροφικές συνυπάρχουσες παθήσεις-επιπλοκές,2617.00,1,2617.00
Κ18Μ,Λοιπές επεμβάσεις με βηματοδότη με συνυπάρχουσες παθήσεις-επιπλοκές,2226.00,7,318.00
Κ18Χ,Λοιπές επεμβάσεις με βηματοδότη χωρίς συνυπάρχουσες παθήσεις-επιπλοκές,1146.00,2,573.00
Κ19Α,Διαδερμικές ενδοαγγειακές καρδιακές επεμβάσεις,3194.00,3,1064.67
Κ20Α,Απολίνωση φλέβας,760.00,1,760.00
Κ21Μ,Λοιπές επεμβάσεις νοσημάτων κυκλοφορικού με συνυπάρχουσες παθήσεις-επιπλοκές,3680.00,15,245.33
Κ21Χ,Λοιπές επεμβάσεις νοσημάτων κυκλοφορικού χωρίς καταστροφικές συνυπάρχουσες παθήσεις-επιπλοκές,1494.00,4,373.50
Κ22Α,Αορτικά Βαλβιδοφόρα Μοσχεύματα,7753.00,15,516.87
Κ30Μ,Νοσήματα κυκλοφορικού με μηχανική υποστήριξη αναπνοής (αναπνευστήρα) με καταστροφικές συνυπάρχουσες παθήσεις-επιπλοκές,6295.00,11,572.27
Κ30Χ,Νοσήματα κυκλοφορικού με μηχανική υποστήριξη αναπνοής (αναπνευστήρα) χωρίς καταστροφικές συνυπάρχουσες παθήσεις-επιπλοκές,4470.00,6,745.00
Κ31Μ,Νοσήματα κυκλοφορικού με ΟΕΜ με διαγνωστική επεμβατική καρδιακή τεχνική με σοβαρού βαθμού ή καταστροφικές συνυπάρχουσες παθήσεις-επιπλοκές,2038.00,8,254.75
Κ31Χ,παθήσεις-επιπλοκές του κυκλοφορικού με ΟΕΜ με διαγνωστική επεμβατική καρδιακή τεχνική χωρίς σοβαρού βαθμού ή καταστροφικές συνυπάρχουσες παθήσεις-επιπλοκές,1183.00,4,295.75
Κ32Α,"παθήσεις-επιπλοκές του κυκλοφορικού χωρίς ΟΕΜ με διαγνωστική επεμβατική καρδιακή τεχνική, την ίδια ημέρα",1043.00,1,1043.00
Κ32Μ,παθήσεις-επιπλοκές του κυκλοφορικού χωρίς ΟΕΜ με διαγνωστική επεμβατική καρδιακή τεχνική με σοβαρού βαθμού ή καταστροφικές συνυπάρχουσες παθήσεις-επιπλοκές,2062.00,8,257.75
Κ32Χ,παθήσεις-επιπλοκές του κυκλοφορικού χωρίς ΟΕΜ με διαγνωστική επεμβατική καρδιακή τεχνική χωρίς σοβαρού βαθμού ή καταστροφικές συνυπάρχουσες παθήσεις-επιπλοκές,1089.00,3,363.00
Κ33Α,Διάγνωση κυκλοφορικού με μη επεμβατικό μηχανικό αερισμό,3132.00,13,240.92
Κ40Μ,Διαταραχές κυκλοφορικού με ΟΕΜ χωρίς διαγνωστική επεμβατική καρδιακή τεχνική με καταστροφικές συνυπάρχουσες παθήσεις-επιπλοκές,2000.00,10,200.00
Κ40Χ,Διαταραχές κυκλοφορικού με ΟΕΜ χωρίς διαγνωστική επεμβατική καρδιακή τεχνική χωρίς καταστροφικές συνυπάρχουσες παθήσεις-επιπλοκές,794.00,3,264.67
Κ41Μ,Λοιμώδης ενδοκαρδίτιδα με καταστροφικές συνυπάρχουσες παθήσεις-επιπλοκές,4801.00,22,218.23
Κ41Χ,Λοιμώδης ενδοκαρδίτιδα χωρίς καταστροφικές συνυπάρχουσες παθήσεις-επιπλοκές,2397.00,12,199.75
Κ42Μ,Καρδιακή ανεπάρκεια και καταπληξία (SCHOCK) με καταστροφικές συνυπάρχουσες παθήσεις,2054.00,10,205.40
Κ42Χ,Καρδιακή ανεπάρκεια και καταπληξία (SCHOCK) χωρίς καταστροφικές συνυπάρχουσες παθήσεις,934.00,5,186.80
Κ43Μ,Φλεβοθρόμβωση με σοβαρού βαθμού ή καταστροφικές συνυπάρχουσες παθήσεις-επιπλοκές,1471.00,8,183.88
Κ33Χ,Φλεβοθρόμβωση χωρίς σοβαρού βαθμού ή καταστροφικές συνυπάρχουσες παθήσεις-επιπλοκές,669.00,5,133.80
Κ34Μ,Δερματικά έλκη σε παθήσεις-επιπλοκές κυκλοφορικού με σοβαρού βαθμού ή καταστροφικές συνυπάρχουσες παθήσεις-επιπλοκές,2233.00,13,171.77
Κ34Χ,Δερματικά έλκη σε παθήσεις-επιπλοκές κυκλοφορικού χωρίς σοβαρού βαθμού ή καταστροφικές συνυπάρχουσες παθήσεις-επιπλοκές,981.00,5,196.20
Κ35Μ,Περιφερική αγγειοπάθεια με σοβαρού βαθμού ή καταστροφικές συνυπάρχουσες παθήσεις-επιπλοκές,1502.00,7,214.57
Κ35Χ,Περιφερική αγγειοπάθεια χωρίς σοβαρού βαθμού ή καταστροφικές συνυπάρχουσες παθήσεις-επιπλοκές,521.00,2,260.50
Κ36Μ,Αθηρωμάτωση στεφανιαίων αρτηριών με σοβαρού βαθμού ή καταστροφικές συνυπάρχουσες παθήσεις-επιπλοκές,957.00,5,191.40
Κ36Χ,Αθηρωμάτωση στεφανιαίων αρτηριών χωρίς σοβαρού βαθμού ή καταστροφικές συνυπάρχουσες παθήσεις-επιπλοκές,374.00,2,187.00
Κ37Μ,Αρτηριακή υπέρταση με σοβαρού βαθμού ή καταστροφικές συνυπάρχουσες παθήσεις-επιπλοκές,1198.00,6,199.67
Κ37Χ,Αρτηριακή υπέρταση χωρίς σοβαρού βαθμού ή καταστροφικές συνυπάρχουσες παθήσεις-επιπλοκές,459.00,2,229.50
Κ38Μ,Συγγενής καρδιοπάθεια με συνυπάρχουσες παθήσεις-επιπλοκές,1284.00,4,321.00
Κ38Χ,Συγγενής καρδιοπάθεια χωρίς συνυπάρχουσες παθήσεις-επιπλοκές,627.00,1,627.00
Κ39Μ,Βαλβιδοπάθειες με σοβαρού βαθμού ή καταστροφικές συνυπάρχουσες παθήσεις-επιπλοκές,1268.00,6,211.33
Κ39Χ,Βαλβιδοπάθειες χωρίς σοβαρού βαθμού ή καταστροφικές συνυπάρχουσες παθήσεις-επιπλοκές,327.00,2,163.50
Κ43Χ,Συγκοπή και λιποθυμία χωρίς σοβαρού βαθμού ή καταστροφικές συνυπάρχουσες παθήσεις-επιπλοκές,397.00,2,198.50
Κ44Α,Θωρακικό άλγος,311.00,1,311.00
Κ45ΜΑ,Λοιπές παθήσεις-επιπλοκές κυκλοφορικού με καταστροφικές συνυπάρχουσες παθήσεις-επιπλοκές,2428.00,10,242.80
Κ45ΜΒ,Λοιπές παθήσεις-επιπλοκές κυκλοφορικού με μετρίου ή σοβαρού βαθμού συνυπάρχουσες παθήσεις-επιπλοκές,1019.00,4,254.75
Κ45Χ,Λοιπές παθήσεις-επιπλοκές κυκλοφορικού χωρίς συνυπάρχουσες παθήσεις-επιπλοκές,521.00,2,260.50
Κ46Μ,"Αρρυθμία, καρδιακή ανακοπή και διαταραχές αγωγιμότητας με σοβαρού βαθμού ή καταστροφικές συνυπάρχουσες παθήσεις-επιπλοκές",1245.00,6,207.50
Κ46Χ,"Αρρυθμία, καρδιακή ανακοπή και διαταραχές αγωγιμότητας χωρίς σοβαρού βαθμού ή καταστροφικές συνυπάρχουσες παθήσεις-επιπλοκές",444.00,2,222.00
Κ47Α,Κατάλυση αρρυθμιογόνων εστιών,2423.00,6,403.83
Π01Μ,Εκτομή ορθού με καταστροφικές συνυπάρχουσες παθήσεις - επιπλοκές,6489.00,18,360.50
Π01Χ,Εκτομή ορθού χωρίς καταστροφικές συνυπάρχουσες παθήσεις - επιπλοκές,3857.00,9,428.56
Π02Μ,Μείζονες επεμβάσεις λεπτού και παχέος εντέρου με καταστροφικές συνυπάρχουσες παθήσεις - επιπλοκές,5741.00,17,337.71
Π02Χ,Μείζονες επεμβάσεις λεπτού και παχέος εντέρου χωρίς καταστροφικές συνυπάρχουσες παθήσεις - επιπλοκές,2771.00,8,346.38
Π03Μ,"Επεμβάσεις στομάχου, οισοφάγου και δωδεκαδακτύλου με κακοήθεια ή με καταστροφικές συνυπάρχουσες παθήσεις - επιπλοκές",6908.00,17,406.35
Π03ΧΑ,"Επεμβάσεις στομάχου, οισοφάγου και δωδεκαδάκτυλου χωρίς κακοήθεια και σοβαρές ή μεσαίας βαρύτητας συνυπάρχουσες παθήσεις - επιπλοκές",2826.00,8,353.25
Π03ΧΒ,"Επεμβάσεις στομάχου, οισοφάγου και δωδεκαδάκτυλου χωρίς κακοήθεια χωρίς συνυπάρχουσες παθήσεις - επιπλοκές",1813.00,4,453.25
Π04ΜΑ,Λύση περιτοναϊκών συμφύσεων με καταστροφικές συνυπάρχουσες παθήσεις - επιπλοκές,4847.00,16,302.94
Π04ΜΒ,Λύση περιτοναϊκών συμφύσεων με σοβαρές ή μεσαίας βαρύτητας συνυπάρχουσες παθήσεις - επιπλοκές,2710.00,9,301.11
Π04Χ,Λύση περιτοναϊκών συμφύσεων χωρίς συνυπάρχουσες παθήσεις - επιπλοκές,1578.00,4,394.50
Π05ΜΑ,Μικρές επεμβάσεις λεπτού και παχέος εντέρου με καταστροφικές συνυπάρχουσες παθήσεις - επιπλοκές,3329.00,12,277.42
Π05ΜΒ,Μικρές επεμβάσεις λεπτού και παχέος εντέρου με σοβαρές ή μεσαίας βαρύτητας συνυπάρχουσες παθήσεις - επιπλοκές,2085.00,7,297.86
Π05Χ,Μικρές επεμβάσεις λεπτού και παχέος εντέρου χωρίς συνυπάρχουσες παθήσεις - επιπλοκές,1379.00,4,344.75
Π06Α,Επεμβάσεις πυλορομυοτομής,1037.00,3,345.67
Π07Μ,Σκωληκοειδεκτομή με κακοήθεια ή περιτονίτιδα ή με καταστροφικές ή σοβαρές συνυπάρχουσες παθήσεις - επιπλοκές,1550.00,5,310.00
Π07Χ,Σκωληκοειδεκτομή χωρίς κακοήθεια ή περιτονίτιδα ή χωρίς καταστροφικές ή σοβαρές συνυπάρχουσες παθήσεις - επιπλοκές,983.00,2,491.50
Π10Μ,"Επεμβάσεις κηλών (βουβωνοκήλες, ομφαλοκήλες κτλ) με συνυπάρχουσες παθήσεις - επιπλοκές",1697.00,5,339.40
Π10Χ,"Επεμβάσεις κηλών (βουβωνοκήλες, ομφαλοκήλες κτλ) χωρίς συνυπάρχουσες παθήσεις - επιπλοκές",868.00,1,868.00
Π11Α,Επεμβάσεις που αφορούν κωλοστομίες και πρωκτό,566.00,2,283.00
Π12ΜΑ,Λοιπές Επεμβάσεις πεπτικού συστήματος με καταστροφικές συνυπάρχουσες παθήσεις - επιπλοκές,4177.00,16,261.06
Π12ΜΒ,Λοιπές Επεμβάσεις πεπτικού συστήματος με σοβαρές ή μεσαίας βαρύτητας συνυπάρχουσες παθήσεις - επιπλοκές,1932.00,7,276.00
Π12Χ,Λοιπές Επεμβάσεις πεπτικού συστήματος χωρίς συνυπάρχουσες παθήσεις - επιπλοκές,967.00,3,322.33
Π26Μ,Συνδυασμένη γαστροσκόπιση με καταστροφικές συνυπάρχουσες παθήσεις - επιπλοκές,3338.00,14,238.43
Π26Χ,Συνδυασμένη γαστροσκόπιση χωρίς καταστροφικές συνυπάρχουσες παθήσεις - επιπλοκές,1245.00,5,249.00
Π26Α,"Συνδυασμένη γαστροσκόπιση, την ίδια ημέρα",330.00,1,330.00
Π27Μ,Λοιπές επεμβάσεις γαστροσκόπισης με καταστροφικές συνυπάρχουσες παθήσεις - επιπλοκές,2521.00,12,210.08
Π27Χ,Λοιπές επεμβάσεις γαστροσκόπισης χωρίς καταστροφικές συνυπάρχουσες παθήσεις - επιπλοκές,988.00,4,247.00
Π27Α,"Λοιπές επεμβάσεις γαστροσκόπισης, την ίδια ημέρα",265.00,1,265.00
Π28Μ,Κολονοσκόπιση με καταστροφικές ή σοβαρές συνυπάρχουσες παθήσεις - επιπλοκές,2062.00,10,206.20
Π28Χ,Κολονοσκόπιση χωρίς καταστροφικές ή σοβαρές συνυπάρχουσες παθήσεις - επιπλοκές,872.00,4,218.00
Π28Α,"Κολονοσκόπιση, την ίδια ημέρα",290.00,1,290.00
Π40Μ,Κακοήθεια του γαστρεντερικού με καταστροφικές συνυπάρχουσες παθήσεις - επιπλοκές,1673.00,9,185.89
Π40Χ,Κακοήθεια του γαστρεντερικού χωρίς καταστροφικές συνυπάρχουσες παθήσεις - επιπλοκές,677.00,4,169.25
Π41Μ,Αιμορραγία γαστρεντερικού με καταστροφικές ή σοβαρές συνυπάρχουσες παθήσεις - επιπλοκές,1027.00,5,205.40
Π41Χ,Αιμορραγία γαστρεντερικού χωρίς καταστροφικές ή σοβαρές συνυπάρχουσες παθήσεις - επιπλοκές,412.00,2,206.00
Π42Α,Επιπεπλεγμένο πεπτικό έλκος,1097.00,5,219.40
Π43Α,Μη επιπεπλεγμένο πετικό έλκος,335.00,2,167.50
Π44Μ,Φλεγμονώδης νόσος εντέρου με συνυπάρχουσες παθήσεις - επιπλοκές,1097.00,5,219.40
Π44Χ,Φλεγμονώδης νόσος εντέρου χωρίς συνυπάρχουσες παθήσεις - επιπλοκές,1073.00,2,536.50
Π45Μ,Απόφραξη γαστρεντερικού συστήματος με καταστροφικές ή σοβαρές συνυπάρχουσες παθήσεις - επιπλοκές,1338.00,7,191.14
Π45Χ,Απόφραξη γαστρεντερικού συστήματος χωρίς καταστροφικές ή σοβαρές συνυπάρχουσες παθήσεις - επιπλοκές,623.00,3,207.67
Π46Α,Κοιλιακός πόνος ή μεσεντερική αδενίτιδα,327.00,2,163.50
Π47Μ,Οισοφαγίτιδα και γαστρεντερίτιδα με καταστροφικές ή σοβαρές συνυπάρχουσες παθήσεις - επιπλοκές,1121.00,5,224.20
Π47Χ,Οισοφαγίτιδα και γαστρεντερίτιδα χωρίς καταστροφικές ή σοβαρές συνυπάρχουσες παθήσεις - επιπλοκές,335.00,2,167.50
Π50Μ,Διάγνωση άλλων παθήσεων του πεπτικού συστήματος με καταστροφικές ή σοβαρές συνυπάρχουσες παθήσεις - επιπλοκές,1136.00,6,189.33
Π50Χ,Διάγνωση άλλων παθήσεων του πεπτικού συστήματος χωρίς καταστροφικές ή σοβαρές συνυπάρχουσες παθήσεις - επιπλοκές,374.00,2,187.00
Η01Μ,"Αναστομώσεις πυλαίας-κάτω κοίλης, επεμβάσεις παγκρέατος, ήπατος και παρακάμψεις με καταστροφικές συνυπάρχουσες παθήσεις - επιπλοκές",7916.00,19,416.63
Η01Χ,"Αναστομώσεις πυλαίας-κάτω κοίλης, επεμβάσεις παγκρέατος, ήπατος και παρακάμψεις χωρίς καταστροφικές συνυπάρχουσες παθήσεις - επιπλοκές",3682.00,7,526.00
Η02ΜΑ,Μείζονες επεμβάσεις χοληφόρων με καταστροφικές συνυπάρχουσες παθήσεις - επιπλοκές,5111.00,17,300.65
Η02ΜΒ,Μείζονες επεμβάσεις χοληφόρων με σοβαρές συνυπάρχουσες παθήσεις - επιπλοκές,2578.00,9,286.44
Η02Χ,Μείζονες επεμβάσεις χοληφόρων χωρίς καταστροφικές ή σοβαρές συνυπάρχουσες παθήσεις - επιπλοκές,2079.00,6,346.50
Η05Μ,Διαγνωστικές ηπατοχολικές παρεμβάσεις με καταστροφικές συνυπάρχουσες παθήσεις - επιπλοκές,4533.00,14,323.79
Η05Χ,Διαγνωστικές ηπατοχολικέςπαρεμβάσεις χωρίς καταστροφικές συνυπάρχουσες παθήσεις - επιπλοκές,1393.00,4,348.25
Η06Μ,Λοιπές Διαγνωστικές ηπατοχολικές χειρουργικές παρεμβάσεις και παρεμβάσεις παγκρέατος με καταστροφικές συνυπάρχουσες παθήσεις - επιπλοκές,4646.00,19,244.53
Η06Χ,Λοιπές Διαγνωστικές ηπατοχολικές χειρουργικές παρεμβάσεις και παρεμβάσεις παγκρέατος χωρίς καταστροφικές συνυπάρχουσες παθήσεις - επιπλοκές,1556.00,5,311.20
Η07Μ,Ανοιχτή χολοκυστεκτομή με κλειστό χοληδόχο πόρο ή με καταστροφικές συνυπάρχουσες παθήσεις - επιπλοκές,4299.00,14,307.07
Η07Χ,Ανοιχτή χολοκυστεκτομή χωρίς κλειστό χοληδόχο πόρο χωρίς καταστροφικές συνυπάρχουσες παθήσεις - επιπλοκές,2037.00,6,339.50
Η08Μ,Λαπαρασκοπική χολοκυστεκτομή με κλειστό χοληδόχο πόρο ή με καταστροφικές ή σοβαρές συνυπάρχουσες παθήσεις - επιπλοκές,2111.00,6,351.83
Η08Χ,Λαπαρασκοπική χολοκυστεκτομή χωρίς κλειστό χοληδόχο πόρο χωρίς καταστροφικές ή σοβαρές συνυπάρχουσες παθήσεις - επιπλοκές,1273.00,2,636.50
Η20Μ,Ενδοσκοπικές επεμβάσεις για αιμορραγία κιρσων του οισοφάγου με καταστροφικές συνυπάρχουσες παθήσεις - επιπλοκές,3561.00,11,323.73
Η20Χ,Ενδοσκοπικές επεμβάσεις για αιμορραγία κιρσων του οισοφάγου χωρίς καταστροφικές συνυπάρχουσες παθήσεις - επιπλοκές,1517.00,5,303.40
Η23Μ,Ενδοσκοπική παλίνδρομη χολαγειοπαγκρεατογραφία με καταστροφικές ή σοβαρές συνυπάρχουσες παθήσεις - επιπλοκές,2552.00,11,232.00
Η23Χ,Ενδοσκοπική παλίνδρομη χολαγειοπαγκρεατογραφία χωρίς καταστροφικές ή σοβαρές συνυπάρχουσες παθήσεις - επιπλοκές,786.00,3,262.00
Η40ΜΑ,Κίρρωση και αλκοολική ηπατίτιδα με καταστροφικές συνυπάρχουσες παθήσεις - επιπλοκές,2654.00,12,221.17
Η40ΜΒ,Κίρρωση και αλκοολική ηπατίτιδα με σοβαρές ή μεσαίας βαρύτητας συνυπάρχουσες παθήσεις - επιπλοκές,965.00,5,193.00
Η40Χ,Κίρρωση και αλκοολική ηπατίτιδα χωρίς συνυπάρχουσες παθήσεις - επιπλοκές,366.00,2,183.00
Η41Μ,Κακοήθεια του ηπατοχολικού συστήματος και παγκρέατος με καταστροφικές συνυπάρχουσες παθήσεις - επιπλοκές,1930.00,9,214.44
Η41Χ,Κακοήθεια του ηπατοχολικού συστήματος και παγκρέατος χωρίς καταστροφικές συνυπάρχουσες παθήσεις - επιπλοκές,872.00,4,218.00
Η42Μ,Διαταραχές παγκρέατος χωρίς κακοήθεια με καταστροφικές ή σοβαρές συνυπάρχουσες παθήσεις - επιπλοκές,1938.00,8,242.25
Η42Χ,Διαταραχές παγκρέατος χωρίς κακοήθεια χωρίς καταστροφικές ή σοβαρές συνυπάρχουσες παθήσεις - επιπλοκές,708.00,3,236.00
Η43Μ,"Διαταραχές ήπατος χωρίς κακοήθεια, Κύρωση, αλκοολική ηπατίτιδα με καταστροφικές ή σοβαρές συνυπάρχουσες παθήσεις - επιπλοκές",1813.00,8,226.62
Η43Χ,"Διαταραχές ήπατος χωρίς κακοήθεια, Κύρωση, αλκοολική ηπατίτιδα χωρίς καταστροφικές ή σοβαρές συνυπάρχουσες παθήσεις - επιπλοκές",521.00,2,260.50
Η44Μ,Δαταραχές των χοληφόρων με συνυπάρχουσες παθήσεις - επιπλοκές,1198.00,6,199.67
Η44Χ,Δαταραχές των χοληφόρων με/ χωρίς συνυπάρχουσες παθήσεις - επιπλοκές,436.00,2,218.00
Μ01Μ,Αμφοτερόπλευρες/Πολλαπλές επεμβάσεις μεγάλων αρθρώσεων κάτω άκρων με αναθεώρηση ή με καταστροφικές συνυπάρχουσες παθήσεις - επιπλοκές,14020.00,25,560.80
Μ01Χ,Αμφοτερόπλευρες/ Πολλαπλές επεμβάσεις μεγάλων αρθρώσεων κάτω άκρων χωρίς αναθεώρηση χωρίς καταστροφικές συνυπάρχουσες παθήσεις - επιπλοκές,9606.00,7,1372.29
Μ02Μ,Μεταφορά μικροαγγειούμενου ιστικού μοσχεύματος ή (Δερματικό μόσχευμα με καταστροφικές ή σοβαρές συνυπάρχουσες παθήσεις – επιπλοκές) εξαιρουμένης άκρας χείρας,9110.00,27,337.41
Μ02Χ,"Δερματικό μόσχευμα (κρημνός) χωρίς καταστροφικές ή σοβαρές συνυπάρχουσες παθήσεις – επιπλοκές, εξαιρουμένης άκρας χείρας",3430.00,8,428.75
Μ03Μ,Αντικατάσταση ισχίου με καταστροφικές συνυπάρχουσες παθήσεις - επιπλοκές,6307.00,15,420.47
Μ03Χ,Αντικατάσταση ισχίου χωρίς καταστροφικές συνυπάρχουσες παθήσεις - επιπλοκές,6411.00,7,915.86
Μ04Μ,Αντικατάσταση γόνατος με καταστροφικές ή σοβαρές συνυπάρχουσες παθήσεις - επιπλοκές,7042.00,9,782.44
Μ04Χ,Αντικατάσταση γόνατος χωρίς καταστροφικές ή σοβαρές συνυπάρχουσες παθήσεις - επιπλοκές,6611.00,6,1101.83
Μ05Μ,Αντικατάσταση άλλων αρθρώσεων με καταστροφικές ή σοβαρές συνυπάρχουσες παθήσεις - επιπλοκές,7705.00,11,700.45
Μ05Χ,Αντικατάσταση άλλων αρθρώσεων χωρίς καταστροφικές ή σοβαρές συνυπάρχουσες παθήσεις - επιπλοκές,6101.00,5,1220.20
Μ06Α,Σπονδυλοδεσία με παραμόρφωση,19980.00,9,2220.00
Μ07Α,Ακρωτηριασμός,5235.00,21,249.29
Μ08Μ,Λοιπές επεμβάσεις ισχίου και μηριαίου με καταστροφικές συνυπάρχουσες παθήσεις - επιπλοκές,4449.00,17,261.71
Μ08Χ,Λοιπές επεμβάσεις ισχίου και μηριαίου χωρίς καταστροφικές συνυπάρχουσες παθήσεις - επιπλοκές,3014.00,9,334.89
Μ09Μ,Σπονδυλοδεσία με καταστροφικές συνυπάρχουσες παθήσεις - επιπλοκές,14720.00,18,817.78
Μ09Χ,Σπονδυλοδεσία χωρίς καταστροφικές συνυπάρχουσες παθήσεις - επιπλοκές,9783.00,7,1397.57
Μ10Μ,Λοιπές επεμβάσεις αυχένος-οσφύος - θώρακος με καταστροφικές ή σοβαρές συνυπάρχουσες παθήσεις - επιπλοκές,3391.00,10,339.10
Μ10Χ,Λοιπές επεμβάσεις αυχένος-οσφύος - θώρακος χωρίς καταστροφικές ή σοβαρές συνυπάρχουσες παθήσεις - επιπλοκές,1908.00,4,477.00
Μ11Α,Επεμβάσεις διατατικής επιμηκύνσεως άκρων,4045.00,4,1011.25
Μ12ΜΑ,Λοίμωξη / φλεγμονή οστών και αρθρώσεων με διάφορες μυοσκελετικές επεμβάσεις με σοβαρής και μέτριας βαρύτητας συνυπάρχουσες παθήσεις - επιπλοκές,5478.00,24,228.25
Μ12ΜΒ,Λοίμωξη / φλεγμονή οστών και αρθρώσεων με διάφορες μυοσκελετικές επεμβάσεις με καταστροφικές συνυπάρχουσες παθήσεις - επιπλοκές,2993.00,14,213.79
Μ12Χ,Λοίμωξη / φλεγμονή οστών και αρθρώσεων με διάφορες μυοσκελετικές επεμβάσεις χωρίς συνυπάρχουσες παθήσεις - επιπλοκές,1665.00,6,277.50
Μ13Μ,"Επεμβάσεις βραχιονίου, κνήμης, περόνης και αστραγάλου με συνυπάρχουσες παθήσεις - επιπλοκές",3893.00,11,353.91
Μ13Χ,"Επεμβάσεις Βραχιονίου, κνήμης, περόνης και αστραγάλου χωρίς συνυπάρχουσες παθήσεις - επιπλοκές",2083.00,4,520.75
Μ15Α,Κρανιοπροσωπικές επεμβάσεις,3761.00,6,626.83
Μ16Α,Λοιπές επεμβάσεις ώμου,1588.00,2,794.00
Μ17Μ,Γναθοπροσωπικές επεμβάσεις με συνυπάρχουσες παθήσεις - επιπλοκές,2708.00,3,902.67
Μ17Χ,Γναθοπροσωπικές επεμβάσεις χωρίς συνυπάρχουσες παθήσεις - επιπλοκές,1764.00,2,882.00
Μ18Α,Λοιπές επεμβάσεις γόνατος,743.00,1,743.00
Μ19Μ,Λοιπές επεμβάσεις αγκώνος και αντιβραχίου με συνυπάρχουσες παθήσεις - επιπλοκές,2648.00,6,441.33
Μ19Χ,Λοιπές επεμβάσεις αγκώνος και αντιβραχίου χωρίς συνυπάρχουσες παθήσεις - επιπλοκές,1904.00,2,952.00
Μ20Α,Λοιπές επεμβάσεις άκρου ποδός,1286.00,2,643.00
Μ21Α,Τοπική Εκτομή και Αφαίρεση υλικών εσωτερικής οστεοσύνθεσης ισχίου και μηριαίου,1052.00,2,526.00
Μ23Α,Τοπική εκτομή και αφαίρεση υλικών εσωτερικής οστεοσύνθεσης εκτός ισχίου και μηριαίου,661.00,1,661.00
Μ24Α,Αρθροσκόπηση,710.00,1,710.00
Μ25Μ,Διαγνωστικές επεμβάσεις οστών και αρθρώσεων συμπεριλαμβανομένης βιοψίας με συνυπάρχουσες παθήσεις - επιπλοκές,2864.00,11,260.36
Μ25Χ,Διαγνωστικές επεμβάσεις οστών και αρθρώσεων συμπεριλαμβανομένης βιοψίας χωρίς συνυπάρχουσες παθήσεις - επιπλοκές,1260.00,3,420.00
Μ27Μ,Επεμβάσεις μαλακών μορίων με συνυπάρχουσες παθήσεις - επιπλοκές,2179.00,9,242.11
Μ27Χ,Επεμβάσεις μαλακών μορίων χωρίς συνυπάρχουσες παθήσεις - επιπλοκές,902.00,2,451.00
Μ28Μ,Λοιπές επεμβάσεις μυοσκελετικού με συνυπάρχουσες παθήσεις - επιπλοκές,2639.00,11,239.91
Μ28Χ,Λοιπές επεμβάσεις μυοσκελετικού χωρίς συνυπάρχουσες παθήσεις - επιπλοκές,1379.00,2,689.50
Μ29Α,Ανακατασκευή ή αναθεώρηση πρόθεσης γόνατος,1903.00,1,1903.00
Μ30Α,Επεμβάσεις χειρός,891.00,1,891.00
Μ31Μ,Επανεπεμβαση Ισχίου με καταστροφικές συνυπάρχουσες παθήσεις - επιπλοκές,11675.00,23,507.61
Μ31Χ,Επανεπεμβαση Ισχίου χωρίς καταστροφικές συνυπάρχουσες παθήσεις - επιπλοκές,8533.00,11,775.73
Μ32ΜΑ,Επανεπεμβαση γόνατος με καταστροφικές συνυπάρχουσες παθήσεις - επιπλοκές,12912.00,27,478.22
Μ32ΜΒ,Επανεπεμβαση γόνατος με συνυπάρχουσες παθήσεις - επιπλοκές,9963.00,12,830.25
Μ32Χ,Επανεπεμβαση γόνατος χωρίς καταστροφικές η συνυπάρχουσες παθήσεις - επιπλοκές,9147.00,9,1016.33
Μ60Α,Κατάγματα διάφυσης μηριαίου,1720.00,7,245.71
Μ61Μ,Κατάγματα περιφερικού μηριαίου με συνυπάρχουσες παθήσεις - επιπλοκές,2210.00,13,170.00
Μ61Χ,Κατάγματα περιφερικού μηριαίου χωρίς συνυπάρχουσες παθήσεις - επιπλοκές,856.00,4,214.00
Μ63Μ,"Θλάσεις, διαστρέμματα και εξαρθρώματα Ισχίου, Λεκάνης και Μηρού με συνυπάρχουσες παθήσεις - επιπλοκές",1198.00,7,171.14
Μ63Χ,"Θλάσεις, διαστρέμματα και εξαρθρώματα Ισχίου, Λεκάνης και Μηρού χωρίς συνυπάρχουσες παθήσεις - επιπλοκές",444.00,2,222.00
Μ64Μ,Οστεομυελίτιδα με καταστροφικές ή σοβαρές συνυπάρχουσες παθήσεις - επιπλοκές,2669.00,15,177.93
Μ64Χ,Οστεομυελίτιδα χωρίς καταστροφικές ή σοβαρές συνυπάρχουσες παθήσεις - επιπλοκές,1175.00,8,146.88
Μ65Μ,Κακοήθεις νεοπλασματικοί όγκοι μυοσκελετικού με καταστροφικές συνυπάρχουσες παθήσεις-επιπλοκές,2560.00,12,213.33
Μ65Χ,Κακοήθεις νεοπλασματικοί όγκοι μυοσκελετικού χωρίς καταστροφικές συνυπάρχουσες παθήσεις-επιπλοκές,1222.00,5,244.40
Μ66Μ,Φλεγμονώδεις παθήσεις μυοσκελετικού με καταστροφικές ή σοβαρές συνυπάρχουσες παθήσεις - επιπλοκές,2436.00,10,243.60
Μ66Χ,Φλεγμονώδεις παθήσεις μυοσκελετικού χωρίς καταστροφικές ή σοβαρές συνυπάρχουσες παθήσεις - επιπλοκές,652.00,2,326.00
Μ67Μ,Σηπτική αρθρίτιδα με καταστροφικές ή σοβαρές συνυπάρχουσες παθήσεις - επιπλοκές,2428.00,12,202.33
Μ67Χ,Σηπτική αρθρίτιδα με καταστροφικές χωρίς σοβαρές συνυπάρχουσες παθήσεις - επιπλοκές,996.00,7,142.29
Μ68Μ,Μη χειρουργικές σκελετικές παθήσεις με συνυπάρχουσες παθήσεις - επιπλοκές,1712.00,9,190.22
Μ68Χ,Μη χειρουργικές παθήσεις νωτιαιου σωλήνα χωρίς συνυπάρχουσες παθήσεις - επιπλοκές,731.00,4,182.75
Μ68Α,Μη χειρουργικές παθήσεις νωτιαιου σωλήνα μιας ημέρας θεραπειών,151.00,1,151.00
Μ69Μ,Παθήσεις οστών και αρθροπάθειες με καταστροφικές ή σοβαρές συνυπάρχουσες παθήσεις - επιπλοκές,1533.00,9,170.33
Μ69Χ,Παθήσεις οστών και αρθροπάθειες χωρίς καταστροφικές ή σοβαρές συνυπάρχουσες παθήσεις - επιπλοκές,428.00,2,214.00
Μ71Μ,Λοιπές παθήσεις μυών-τενόντων με καταστροφικές ή σοβαρές συνυπάρχουσες παθήσεις - επιπλοκές,1323.00,7,189.00
Μ71Χ,Λοιπές παθήσεις μυών-τενόντων χωρίς καταστροφικές ή σοβαρές συνυπάρχουσες παθήσεις - επιπλοκές,405.00,2,202.50
Μ72Μ,Ειδικές παθήσεις μυών - τενόντων με καταστροφικές ή σοβαρές συνυπάρχουσες παθήσεις - επιπλοκές,1681.00,9,186.78
Μ72Χ,Ειδικές παθήσεις μυών - τενόντων χωρίς καταστροφικές ή σοβαρές συνυπάρχουσες παθήσεις - επιπλοκές,490.00,3,163.33
Μ73Μ,Μετεγχειρητική παρακολούθηση μυοσκελετικών μοσχευμάτων/ προθέσεων με καταστροφικές ή σοβαρές συνυπάρχουσες παθήσεις - επιπλοκές,2249.00,18,124.94
Μ73Χ,Μετεγχειρητική παρακολούθηση μυοσκελετικών μοσχευμάτων/ προθέσεων χωρίς καταστροφικές ή σοβαρές συνυπάρχουσες παθήσεις - επιπλοκές,584.00,4,146.00
Μ74Α,"Κακώσεις αντιβραχίου καρπού, χειρός ή ποδός",350.00,2,175.00
Μ75Μ,"Κάκωση ώμου, Βραχιονίου, αγκώνα, γόνατος, ποδιού ή αστραγάλου με συνυπάρχουσες παθήσεις - επιπλοκές",1455.00,8,181.88
Μ75Χ,"Κάκωση ώμου, Βραχιονίου, αγκώνα, γόνατος, ποδιού ή αστραγάλου χωρίς συνυπάρχουσες παθήσεις - επιπλοκές",405.00,2,202.50
Μ76Μ,Λοιπές μυοσκελετικές παθήσεις με καταστροφικές ή σοβαρές συνυπάρχουσες παθήσεις - επιπλοκές,1292.00,7,184.57
Μ76Χ,Λοιπές μυοσκελετικές παθήσεις με καταστροφικές χωρίς σοβαρές συνυπάρχουσες παθήσεις - επιπλοκές,389.00,2,194.50
Μ77Μ,Κατάγματα λεκάνης με καταστροφικές ή σοβαρές συνυπάρχουσες παθήσεις - επιπλοκές,2257.00,13,173.62
Μ77Χ,Κατάγματα λεκάνης με καταστροφικές χωρίς σοβαρές συνυπάρχουσες παθήσεις - επιπλοκές,1058.00,6,176.33
Μ78Μ,Κατάγματα αυχένος του μηριαίου με καταστροφικές ή σοβαρές συνυπάρχουσες παθήσεις - επιπλοκές,1463.00,8,182.88
Μ78Χ,Κατάγματα αυχένος του μηριαίου χωρίς καταστροφικές η σοβαρές συνυπάρχουσες παθήσεις ή επιπλοκές,475.00,2,237.50
Μ79Μ,Παθολογικά κατάγματα με καταστροφικές συνυπάρχουσες παθήσεις - επιπλοκές,2942.00,17,173.06
Μ79Χ,Παθολογικά κατάγματα χωρίς καταστροφικές συνυπάρχουσες παθήσεις - επιπλοκές,1370.00,8,171.25
Δ01Μ,"Μεταφορά μικροαγγειακού μοσχεύματος για διαταραχές δέρματος, υποδορίου ιστού και μαστού με καταστροφικές/σοβαρές συνυπάρχουσες παθήσεις – επιπλοκές",8557.00,15,570.47
Δ01Χ,"Μεταφορά μικροαγγειακού μοσχεύματος για διαταραχές δέρματος, υποδορίου ιστού και μαστού χωρίς καταστροφικές/σοβαρές συνυπάρχουσες παθήσεις – επιπλοκές",6452.00,9,716.89
Δ06Α,Μείζονες επεμβάσεις μαστού,1383.00,3,461.00
Δ07Α,Ελάσσονες επεμβάσεις μαστού,605.00,1,605.00
Δ08Μ,Άλλες επεμβάσεις για δερματικό μόσχευμα και/ ή χειρουργικός καθαρισμός με συνυπάρχουσες παθήσεις – επιπλοκές,2294.00,11,208.55
Δ08Χ,Άλλες επεμβάσεις για δερματικό μόσχευμα και/ ή χειρουργικός καθαρισμός χωρίς συνυπάρχουσες παθήσεις – επιπλοκές,791.00,2,395.50
Δ09Α,Περιοδικές επεμβάσεις και επεμβάσεις τριχοφωλεακού συριγγίου,688.00,2,344.00
Δ10Α,"Χειρουργικές επεμβάσεις πλαστικής δέρματος, υποδορίου ιστού και μαστού",672.00,1,672.00
Δ11Α,"Άλλες χειρουργικές επεμβάσεις πλαστικής δέρματος, υποδορίου ιστού και μαστού",404.00,1,404.00
Δ12Μ,"Επεμβάσεις στα κάτω άκρα με έλκος/ κυτταρίτιδα, με καταστροφικές συνυπάρχουσες παθήσεις - επιπλοκές",4871.00,23,211.78
Δ12ΧΑ,"Επεμβάσεις στα κάτω άκρα με έλκος/ κυτταρίτιδα, χωρίς καταστροφικές συνυπάρχουσες παθήσεις - επιπλοκές με επιδιόρθωση με δερματικό μόσχευμα ή μεταφορά δερματικού κρημνού",3097.00,13,238.23
Δ12ΧΒ,Επεμβάσεις στα κάτω άκρα με έλκος/ κυτταρίτιδα χωρίς καταστροφικές συνυπάρχουσες παθήσεις - επιπλοκές χωρίς επιδιόρθωση με δερματικό μόσχευμα ή μεταφορά δερματικού κρημνού,1774.00,8,221.75
Δ13Μ,Επεμβάσεις στα κάτω άκρα χωρίς έλκος/ κυτταρίτιδα με καταστροφικές συνυπάρχουσες παθήσεις - επιπλοκές ή με επιδιόρθωση με δερματικό μόσχευμα ή μεταφορά δερματικού κρημνού,2856.00,12,238.00
Δ13Χ,"Επεμβάσεις στα κάτω άκρα χωρίς έλκος/ κυτταρίτιδα χωρίς καταστροφικές συνυπάρχουσες παθήσεις - επιπλοκές, χωρίς επιδιόρθωση με δερματικό μόσχευμα ή μεταφορά δερματικού κρημνού",915.00,4,228.75
Δ14Α,Εκτεταμένη πλαστική αποκατάσταση στήθους,4198.00,8,524.75
Δ20Μ,Δερματικά έλκη με καταστροφικές συνυπάρχουσες παθήσεις - επιπλοκές,2669.00,16,166.81
Δ20Χ,Δερματικά έλκη χωρίς καταστροφικές συνυπάρχουσες παθήσεις - επιπλοκές,1471.00,9,163.44
Δ20Α,"Δερματικά έλκη, την ίδια ημέρα",171.00,1,171.00
Δ22Μ,κακοήθεις παθήσεις του μαστου με συνυπάρχουσες παθήσεις - επιπλοκές,965.00,5,193.00
Δ22Χ,κακοήθεις παθήσεις του μαστου χωρίς συνυπάρχουσες παθήσεις - επιπλοκές,688.00,2,344.00
Δ23Μ,μη-κακοήθεις παθήσεις του μαστου με συνυπάρχουσες παθήσεις - επιπλοκές,965.00,5,193.00
Δ23Χ,μη-κακοήθεις παθήσεις του μαστου χωρίς συνυπάρχουσες παθήσεις - επιπλοκές,366.00,2,183.00
Δ24Μ,Κυτταρίτιδα με καταστροφικές ή σοβαρές συνυπάρχουσες παθήσεις - επιπλοκές,1619.00,9,179.89
Δ24Χ,Κυτταρίτιδα χωρίς καταστροφικές ή σοβαρές συνυπάρχουσες παθήσεις - επιπλοκές,802.00,4,200.50
Δ25Μ,"Τραύμα στο δέρμα , υποδορίου και του μαστού με καταστ. η σοβαρές συνυπάρχουσες παθήσεις - επιπλοκές",1105.00,6,184.17
Δ25Χ,"Τραύμα στο δέρμα , υποδορίου και του μαστού χωρίς καταστ. η σοβαρές συνυπάρχουσες παθήσεις - επιπλοκές",350.00,2,175.00
Δ27Μ,Ελάσσονες παθήσεις του δέρματος,708.00,3,236.00
Δ27Χ,Ελάσσονες παθήσεις του δέρματος την ίδια ημέρα,199.00,1,199.00
Δ28Μ,Μείζονες παθήσεις με καταστροφικές η σοβαρές συνυπάρχουσες παθήσεις - επιπλοκές,1969.00,10,196.90
Δ28Χ,Μείζονες παθήσεις χωρίς καταστροφικές η σοβαρές συνυπάρχουσες παθήσεις - επιπλοκές,965.00,4,241.25
Δ28Α,Μείζονες (μεγάλης βαρύτητας) παθήσεις την ίδια ημέρα,382.00,1,382.00
Δ29Μ,Κακοήθειες του δέρματος με καταστροφικές συνυπάρχουσες παθήσεις - επιπλοκές,2171.00,11,197.36
Δ29Χ,Κακοήθειες του δέρματος χωρίς καταστροφικές συνυπάρχουσες παθήσεις - επιπλοκές,1377.00,7,196.71
Δ29Α,Κακοήθειες του δέρματος την ίδια ημέρα,161.00,1,161.00
Θ01Μ,Διαβητικες επιπλοκές με καταστροφικές συνυπάρχουσες παθήσεις - επιπλοκές,6202.00,27,229.70
Θ01Χ,Διαβητικες επιπλοκες χωρίς καταστροφικές συνυπάρχουσες παθήσεις - επιπλοκές,2801.00,12,233.42
Θ02Μ,Επεμβάσεις υποφύσεως με συνυπάρχουσες παθήσεις - επιπλοκές,5135.00,10,513.50
Θ02Χ,Επεμβάσεις υποφύσεως χωρίς συνυπάρχουσες παθήσεις - επιπλοκές,3515.00,6,585.83
Θ03Α,Επεμβάσεις επινεφριδίου,3297.00,6,549.50
Θ04Μ,Μείζονες ( εξαιρετικά βαριές ) Επεμβασεις για την Παχυσαρκια με συνυπάρχουσες παθήσεις - επιπλοκές,4378.00,8,547.25
Θ04Χ,Μείζονες ( εξαιρετικά βαριές ) Επεμβασεις για την Παχυσαρκια χωρίς συνυπάρχουσες παθήσεις - επιπλοκές,2848.00,2,1424.00
Θ05Μ,Επεμβάσεις παραθυρεοειδών με καταστροφικές ή σοβαρές συνυπάρχουσες παθήσεις - επιπλοκές,2587.00,8,323.38
Θ05Χ,Επεμβάσεις παραθυρεοειδών χωρίς καταστροφικές ή σοβαρές συνυπάρχουσες παθήσεις - επιπλοκές,1218.00,2,609.00
Θ06Μ,Επεμβάσεις του θυρεοειδούς με καταστροφικές η σοβαρές συνυπάρχουσες παθήσεις - επιπλοκές,2620.00,5,524.00
Θ06Χ,Επεμβάσεις του θυρεοειδούς χωρίς καταστροφικές η σοβαρές συνυπάρχουσες παθήσεις - επιπλοκές,1581.00,2,790.50
Θ07Α,Επεμβάσεις για την παχυσαρκία,1276.00,3,425.33
Θ08Α,Επεμβάσεις θυρεογλωσσικές,952.00,1,952.00
Θ09Μ,"Λοιπές χειρουργικές επεμβάσεις για ενδοκρινολογικές, διατροφικές και μεταβολικές διαταραχές με καταστροφικές συνυπάρχουσες παθήσεις - επιπλοκές",4895.00,19,257.63
Θ09ΧΑ,"Λοιπές χειρουργικές επεμβάσεις για ενδοκρινολογικές, διατροφικές και μεταβολικές διαταραχές χωρίς καταστροφικές συνυπάρχουσες παθήσεις - επιπλοκές",2080.00,7,297.14
Θ09ΧΒ,"Άλλες Ενδοκρινολογικές, θρεπτικών και μεταβολικές επεμβάσεις χωρίς σοβαρές και μετριοπαθή συνυπάρχουσες παθήσεις - επιπλοκές",1765.00,3,588.33
Θ20Μ,Ενδοσκοπικές ή διερευνητικές επεμβάσεις για μεταβολικές δυσλειτουργίες με καταστροφικές συνυπάρχουσες παθήσεις - επιπλοκές,4296.00,18,238.67
Θ20Χ,Ενδοσκοπικές ή διερευνητικές επεμβάσεις για μεταβολικές δυσλειτουργίες χωρίς καταστροφικές συνυπάρχουσες παθήσεις - επιπλοκές,1580.00,7,225.71
Θ20Α,Ενδοσκοπικές ή διερευνητικές επεμβάσεις για μεταβολικές δυσλειτουργίες την ίδια ημέρα,297.00,1,297.00
Θ21Α,Σοβαρές διατροφικές διαταραχές,2599.00,12,216.58
Θ22Μ,Διάφορες δυσλειτουργίες του μεταβολισμού με καταστροφικές ή σοβαρές συνυπάρχουσες παθήσεις - επιπλοκές,1393.00,7,199.00
Θ22Χ,Διάφορες δυσλειτουργίες του μεταβολισμού χωρίς καταστροφικές ή σοβαρές συνυπάρχουσες παθήσεις - επιπλοκές,482.00,2,241.00
Θ23Μ,Συγγενή ασθένειες του μεταβολισμού με συνυπάρχουσες παθήσεις - επιπλοκές,1074.00,4,268.50
Θ23Χ,Συγγενή ασθένειες του μεταβολισμού χωρίς συνυπάρχουσες παθήσεις - επιπλοκές,405.00,2,202.50
Θ24Μ,Ενδοκρινολογικές δυσλειτουργίες με καταστροφικές η σοβαρές συνυπάρχουσες παθήσεις - επιπλοκές,1829.00,9,203.22
Θ24Χ,Ενδοκρινολογικές δυσλειτουργίες χωρίς καταστροφικές η σοβαρές συνυπάρχουσες παθήσεις - επιπλοκές,669.00,2,334.50
Υ02Μ,Επέμβαση τοποθέτησης εισαγωγής καθετήρα περιτοναϊκής κάθαρσης με καταστροφικές ή σοβαρές συνυπάρχουσες παθήσεις – επιπλοκές,3111.00,10,311.10
Υ02Χ,Επέμβαση τοποθέτησης εισαγωγής καθετήρα περιτοναϊκής κάθαρσης χωρίς καταστροφικές ή σοβαρές συνυπάρχουσες παθήσεις – επιπλοκές,1189.00,2,594.50
Υ03ΜΑ,"Επεμβάσεις νεφρού, ουρητήρα και μεγάλες επεμβάσεις ουροδόχου κύστης για νεοπλασία με καταστροφικές συνυπάρχουσες παθήσεις – επιπλοκές",6431.00,15,428.73
Υ03ΜΒ,"Επεμβάσεις νεφρού, ουρητήρα και μεγάλες επεμβάσεις ουροδόχου κύστης για νεοπλασία με σοβαρές συνυπάρχουσες παθήσεις – επιπλοκές",4426.00,9,491.78
Υ03Χ,"Επεμβάσεις νεφρού, ουρητήρα και μεγάλες επεμβάσεις ουροδόχου κύστης για νεοπλασία χωρίς καταστροφικές ή σοβαρές συνυπάρχουσες παθήσεις – επιπλοκές",2992.00,5,598.40
Υ04Μ,"Επεμβάσεις νεφρού, ουρητήρα και μεγάλες επεμβάσεις ουροδόχου κύστης για μη-νεοπλασία με καταστροφικές συνυπάρχουσες παθήσεις – επιπλοκές",4355.00,15,290.33
Υ04ΧΑ,"Επεμβάσεις νεφρού, ουρητήρα και μεγάλες επεμβάσεις ουροδόχου κύστης για μη-νεοπλασία με σοβαρές συνυπάρχουσες παθήσεις – επιπλοκές",2361.00,7,337.29
Υ04ΧΒ,"Επεμβάσεις νεφρού, ουρητήρα και μεγάλες επεμβάσεις ουροδόχου κύστης για μη-νεοπλασία χωρίς καταστροφικές ή σοβαρές συνυπάρχουσες παθήσεις – επιπλοκές",1605.00,3,535.00
Υ05Μ,Διουρηθρική προστατεκτομή με καταστροφικές ή σοβαρές συνυπάρχουσες παθήσεις – επιπλοκές,2848.00,11,258.91
Υ05Χ,Διουρηθρική προστατεκτομή χωρίς καταστροφικές ή σοβαρές συνυπάρχουσες παθήσεις – επιπλοκές,1000.00,3,333.33
Υ06Μ,Μικρές επεμβάσεις Ουροδοχου κυστεως με καταστροφικές ή σοβαρές συνυπάρχουσες παθήσεις – επιπλοκές,2381.00,9,264.56
Υ06Χ,Μικρές επεμβάσεις Ουροδοχου κυστεως χωρίς καταστροφικές ή σοβαρές συνυπάρχουσες παθήσεις – επιπλοκές,808.00,2,404.00
Υ07Μ,Διουρηθρικές επεμβάσεις εκτός προστατεκτομικές με καταστροφικές ή σοβαρές συνυπάρχουσες παθήσεις – επιπλοκές,1218.00,5,243.60
Υ07Χ,Διουρηθρικές επεμβάσεις εκτός προστατεκτομικές χωρίς καταστροφικές ή σοβαρές συνυπάρχουσες παθήσεις – επιπλοκές,680.00,1,680.00
Υ08Μ,Επεμβάσεις ουρήθρας με συνυπάρχουσες παθήσεις – επιπλοκές,1271.00,5,254.20
Υ08Χ,Επεμβάσεις ουρήθρας χωρίς συνυπάρχουσες παθήσεις – επιπλοκές,631.00,2,315.50
Υ09Μ,Άλλες επεμβάσεις για δυσλειτουργία νεφρού και ουροποιητικού συστήματος με καταστροφικές ή σοβαρές συνυπάρχουσες παθήσεις – επιπλοκές,4729.00,17,278.18
Υ09ΧΑ,Άλλες επεμβάσεις για δυσλειτουργία νεφρού και ουροποιητικού συστήματος χωρίς καταστροφικές ή σοβαρές συνυπάρχουσες παθήσεις – επιπλοκές,1919.00,4,479.75
Υ09ΧΒ,Άλλες επεμβάσεις στα νεφρά και το ουροποιητικό σύστημα χωρίς καταστροφικές συνυπάρχουσες παθήσεις - επιπλοκές,1035.00,2,517.50
Υ20Α,Ουρηθροσκόπηση,767.00,2,383.50
Υ21Α,Ουρηθροσκόπηση σε μία ημέρα,231.00,1,231.00
Υ22Α,Εξωσωματική λιθοτριψία για λίθους του ουροποιητικού,482.00,1,482.00
Υ20ΜΑ,Νεφρική ανεπάρκεια με καταστροφικές συνυπάρχουσες παθήσεις – επιπλοκές,2934.00,12,244.50
Υ20ΜΒ,Νεφρική ανεπάρκεια με σοβαρές συνυπάρχουσες παθήσεις – επιπλοκές,1300.00,6,216.67
Υ20Χ,Νεφρική ανεπάρκεια χωρίς καταστροφικές ή σοβαρές συνυπάρχουσες παθήσεις – επιπλοκές,584.00,3,194.67
Υ22Μ,Νεοπλάσματα νεφρού και ουροποιητικού με καταστροφικές ή σοβαρές συνυπάρχουσες παθήσεις – επιπλοκές,1471.00,7,210.14
Υ22Χ,Νεοπλάσματα νεφρού και ουροποιητικού χωρίς καταστροφικές ή σοβαρές συνυπάρχουσες παθήσεις – επιπλοκές,545.00,2,272.50
Υ23Μ,Λοιμώξεις νεφρού και ουροποιητικού με καταστροφικές ή σοβαρές συνυπάρχουσες παθήσεις – επιπλοκές,1564.00,8,195.50
Υ23Χ,Λοιμώξεις νεφρού και ουροποιητικού χωρίς καταστροφικές ή σοβαρές συνυπάρχουσες παθήσεις – επιπλοκές,560.00,3,186.67
Υ24Α,Λιθίαση ουροποιητικού και απόφραξη,389.00,2,194.50
Υ25Μ,Συμπτώματα και σημεία των νεφρών και του ουροποιητικού συστήματος με καταστροφικές ή σοβαρές συνυπάρχουσες παθήσεις - επιπλοκές,1128.00,6,188.00
Υ25Χ,Συμπτώματα και σημεία των νεφρών και του ουροποιητικού συστήματος χωρίς καταστροφικές ή σοβαρές συνυπάρχουσες παθήσεις - επιπλοκές,405.00,2,202.50
Υ26Α,Στενώματα ουρήθρας,440.00,2,220.00
Υ27Μ,Λοιπές διαγνώσεις των νεφρών και του ουροποιητικού συστήματος με καταστροφικές ή σοβαρές συνυπάρχουσες παθήσεις - επιπλοκές,1673.00,7,239.00
Υ27Χ,Λοιπές διαγνώσεις των νεφρών και του ουροποιητικού συστήματος χωρίς καταστροφικές ή σοβαρές συνυπάρχουσες παθήσεις - επιπλοκές,358.00,2,179.00
Υ28Α,Περιτοναϊκή κάθαρση,296.00,1,296.00
Β01Μ,Μείζονες ανδρικές πυελικές επεμβάσεις με καταστροφικές ή σοβαρές συνυπάρχουσες παθήσεις – επιπλοκές,3553.00,8,444.12
Β01Χ,Μείζονες ανδρικές πυελικές επεμβάσεις χωρίς καταστροφικές ή σοβαρές συνυπάρχουσες παθήσεις – επιπλοκές,2892.00,4,723.00
Β02Μ,Διουρηθρική προστατεκτομή με καταστροφικές ή σοβαρές συνυπάρχουσες επιπλοκές,1719.00,7,245.57
Β02Χ,Διουρηθρική προστατεκτομή χωρίς καταστροφικές ή σοβαρές συνυπάρχουσες επιπλοκές,1007.00,3,335.67
Β03Α,Επεμβάσεις Πέους,771.00,2,385.50
Β04Α,Επεμβάσεις όρχεων,652.00,1,652.00
Β05Α,Περιτομή,458.00,1,458.00
Β06Μ,Λοιπές χειρουργικές επεμβάσεις αντρικού αναπαραγωγικού συστήματος με καταστροφικές συνυπάρχουσες παθήσεις - επιπλοκές,1930.00,6,321.67
Β06Χ,Λοιπές χειρουργικές επεμβάσεις αντρικού αναπαραγωγικού συστήματος χωρίς καταστροφικές συνυπάρχουσες παθήσεις - επιπλοκές,1659.00,2,829.50
Β10Α,"Κυστεοσκόπηση, την ίδια ημέρα",220.00,1,220.00
Β20Μ,Κακοήθεια του αντρικού αναπαραγωγικού συστήματος με καταστροφικές ή σοβαρές συνυπάρχουσες παθήσεις - επιπλοκές,1323.00,7,189.00
Β20Χ,Κακοήθεια του αντρικού αναπαραγωγικού συστήματος χωρίς καταστροφικές ή σοβαρές συνυπάρχουσες παθήσεις - επιπλοκές,413.00,2,206.50
Β21Α,Καλοήθης υπερτροφία προστάτη,459.00,2,229.50
Β22Α,Φλεγμονή του αντρικού αναπαραγωγικού συστήματος,545.00,3,181.67
Β23Α,Αντρική στείρωση,316.00,1,316.00
Β24Α,Άλλη διάγνωση αντρικού αναπαραγωγικού συστήματος,296.00,1,296.00
Γ01Α,Πυελική εξπλάχνιση και ριζική βουλβεκτομή,2964.00,8,370.50
Γ04Μ,Υστερεκτομή για μη κακοήθεια με καταστροφικές ή σοβαρές συνυπάρχουσες παθήσεις - επιπλοκές,2062.00,5,412.40
Γ04Χ,Υστερεκτομή για μη κακοήθεια χωρίς καταστροφικές ή σοβαρές συνυπάρχουσες παθήσεις - επιπλοκές,1525.00,3,508.33
Γ05Μ,Χειρουργική αφαίρεση ωοθηκών και σαλπίγγων για μη κακοήθεια με καταστροφικές ή σοβαρές συνυπάρχουσες παθήσεις - επιπλοκές,2147.00,6,357.83
Γ05Χ,Χειρουργική αφαίρεση ωοθηκών και σαλπίγγων για μη κακοήθεια χωρίς καταστροφικές ή σοβαρές συνυπάρχουσες παθήσεις - επιπλοκές,1374.00,2,687.00
Γ06Μ,Επανορθωτική επέμβαση γυναικείου αναπαραγωγικού συστήματος με καταστροφικές ή σοβαρές συνυπάρχουσες παθήσεις - επιπλοκές,1649.00,4,412.25
Γ06Χ,Επανορθωτική επέμβαση γυναικείου αναπαραγωγικού συστήματος χωρίς καταστροφικές ή σοβαρές συνυπάρχουσες παθήσεις - επιπλοκές,1264.00,2,632.00
Γ07Α,Λοιπές επεμβάσεις μήτρας και εξαρτημάτων για μη κακοήθεια,742.00,1,742.00
Γ08Α,Ενδοσκοπικές και λαπαροσκοπικές Επεμβάσεις στο γυναικείο αναπαραγωγικό σύστημα,719.00,1,719.00
Γ09Α,"Επεμβάσεις αΐδιου, τραχήλου και κόλπου",418.00,2,209.00
Γ10Α,Διαγνωστική υστεροσκόπηση απόξεση,425.00,1,425.00
Γ11Α,Άλλες επεμβάσεις στο γυναικείο αναπαραγωγικό σύστημα,729.00,3,243.00
Γ12Μ,Επέμβαση για κακοήθεια μήτρας και δευτερευόντων οργάνων με καταστροφικές συνυπάρχουσες παθήσεις - επιπλοκές,3576.00,9,397.33
Γ12Χ,Επέμβαση για κακοήθεια μήτρας και δευτερευόντων οργάνων χωρίς καταστροφικές συνυπάρχουσες παθήσεις - επιπλοκές,1963.00,4,490.75
Γ20Μ,Κακοήθεια γυναικείου αναπαραγωγικού συστήματος με καταστροφικές συνυπάρχουσες παθήσεις - επιπλοκές,1969.00,9,218.78
Γ20Χ,Κακοήθεια γυναικείου αναπαραγωγικού συστήματος χωρίς καταστροφικές συνυπάρχουσες παθήσεις - επιπλοκές,755.00,3,251.67
Γ21Α,Λοιμώξεις του γυναικείου αναπαραγωγικού συστήματος,475.00,2,237.50
Γ22Α,Διαταραχές εμμήνου ρύσεως και άλλες διαταραχές του γυναικείου αναπαραγωγικού συστήματος,257.00,1,257.00
Λ01Μ,Τοκετός με καισαρική τομή με καταστροφικές ή σοβαρές συνυπάρχουσες παθήσεις - επιπλοκές,2171.00,7,310.14
Λ01Χ,Τοκετός με καισαρική τομή χωρίς καταστροφικές ή σοβαρές συνυπάρχουσες παθήσεις - επιπλοκές,1541.00,4,385.25
Λ02Μ,Κολπικός τοκετός με παρέμβαση στο χειρουργείο με καταστροφικές ή σοβαρές συνυπάρχουσες παθήσεις - επιπλοκές,1743.00,4,435.75
Λ02Χ,Κολπικός τοκετός με επέμβαση στο χειρουργείο χωρίς καταστροφικές ή σοβαρές συνυπάρχουσες παθήσεις - επιπλοκές,1175.00,3,391.67
Λ03Μ,Έκτοπη κύηση με καταστροφικές συνυπάρχουσες παθήσεις - επιπλοκές,1249.00,3,416.33
Λ03Χ,Έκτοπη κύηση χωρίς καταστροφικές συνυπάρχουσες παθήσεις - επιπλοκές,886.00,2,443.00
Λ04Μ,Επέμβαση στο χειρουργείο μετά τον τοκετό ή μετά την άμβλωση με καταστροφικές ή σοβαρές συνυπάρχουσες παθήσεις - επιπλοκές,1807.00,5,361.40
Λ04Χ,Επέμβαση σο χειρουργείο μετά τον τοκετό ή μετά την άμβλωση χωρίς καταστροφικές ή σοβαρές συνυπάρχουσες παθήσεις - επιπλοκές,571.00,2,285.50
Λ05Α,Άμβλωση με χειρουργική επέμβαση,334.00,1,334.00
Λ20Α,Κολπικός τοκετός,872.00,3,290.67
Λ21Α,Μετά τοκετός άμβλωση χωρίς χειρουργική επέμβαση,420.00,2,210.00
Λ23Α,Άμβλωση χωρίς επέμβαση στο χειρουργείο,265.00,1,265.00
Λ24Α,Αποβολή,288.00,2,144.00
Λ26Α,Προγεννητική και άλλη μαιευτική εισαγωγή,257.00,2,128.50
Τ02Α,Καρδιοθωρακική / αγγειοχειρουργική επέμβαση σε νεογνά,20279.00,23,881.70
Ξ01Α,Σπληνεκτομή,3476.00,7,496.57
Ξ02Μ,Λοιπές χειρουργικές επεμβάσεις αίματος και αιμοποιητικών οργάνων με καταστροφικές ή σοβαρές συνυπάρχουσες παθήσεις - επιπλοκές,4655.00,13,358.08
Ξ02Χ,Λοιπές χειρουργικές επεμβάσεις αίματος και αιμοποιητικών οργάνων χωρίς καταστροφικές ή σοβαρές συνυπάρχουσες παθήσεις - επιπλοκές,781.00,2,390.50
Ξ20Μ,Δυσλειτουργίες δικτυοενδοθηλιακού και ανοσοποιητικού με καταστροφικές ή σοβαρές συνυπάρχουσες παθήσεις - επιπλοκές,1945.00,7,277.86
Ξ20ΧΑ,Δυσλειτουργίες δικτυοενδοθηλιακού και ανοσοποιητικού χωρίς καταστροφικές ή σοβαρές συνυπάρχουσες παθήσεις - επιπλοκές με κακοήθεια,786.00,3,262.00
Ξ20ΧΒ,Δυσλειτουργίες δικτυοενδοθηλιακού και ανοσοποιητικού χωρίς καταστροφικές ή σοβαρές συνυπάρχουσες παθήσεις - επιπλοκές χωρίς κακοήθεια,257.00,1,257.00
Ξ21Μ,Δυσλειτουργίες ερυθρόκυττάρων με καταστροφικές ή σοβαρές συνυπάρχουσες παθήσεις - επιπλοκές,1136.00,6,189.33
Ξ21Χ,Δυσλειτουργίες ερυθρόκυττάρων χωρίς καταστροφικές ή σοβαρές συνυπάρχουσες παθήσεις - επιπλοκές,315.00,1,315.00
Ξ22Α,Διαταραχές πήξεως αίματος,514.00,3,171.33
Σ01Μ,Λέμφωμα και λευχαιμία με μείζονες χειρουργικες΄επεμβάσεις με καταστροφικές ή σοβαρές συνυπάρχουσες παθήσεις - επιπλοκές,8558.00,23,372.09
Σ01Χ,Λέμφωμα και λευχαιμία με μείζονες χειρουργικές Επεμβάσεις χωρίς καταστροφικές ή σοβαρές συνυπάρχουσες παθήσεις - επιπλοκές,2236.00,6,372.67
Σ02Μ,Άλλες νεοπλαστικές δυσλειτουργίες με μείζονες χειρουργικές επεμβάσεις με καταστροφικές συνυπάρχουσες παθήσεις - επιπλοκές,5777.00,18,320.94
Σ02ΧΑ,Άλλες νεοπλαστικές δυσλειτουργίες με μείζονες χειρουργικές επεμβάσεις με σοβαρές ή μεσαίου μεγέθους συνυπάρχουσες παθήσεις - επιπλοκές,3109.00,8,388.62
Σ02ΧΒ,Άλλες νεοπλαστικές δυσλειτουργίες με μείζονες χειρουργικές επεμβάσεις χωρίς συνυπάρχουσες παθήσεις - επιπλοκές,2056.00,5,411.20
Σ03Μ,Λέμφωμα και λευχαιμία με άλλες χειρουργικές επεμβάσεις με μείζονες χειρουργικές επεμβάσεις με καταστροφικές ή σοβαρές συνυπάρχουσες παθήσεις - επιπλοκές,6097.00,20,304.85
Σ03Χ,Λέμφωμα και λευχαιμία με άλλες χειρουργικές επεμβάσεις χωρίς καταστροφικές ή σοβαρές συνυπάρχουσες παθήσεις - επιπλοκές,1099.00,3,366.33
Σ04Μ,Λοιπές νεοπλαστικές διαταραχές με χειρουργικές επεμβάσεις με συνυπάρχουσες παθήσεις - επιπλοκές,1694.00,7,242.00
Σ04Χ,Λοιπές νεοπλαστικές διαταραχές με χειρουργικές επεμβάσεις χωρίς συνυπάρχουσες παθήσεις - επιπλοκές,966.00,2,483.00
Σ20Μ,Οξεία λευχαιμία με καταστροφικές συνυπάρχουσες παθήσεις - επιπλοκές,7435.00,17,437.35
Σ20Χ,Οξεία λευχαιμία χωρίς καταστροφικές συνυπάρχουσες παθήσεις - επιπλοκές,988.00,3,329.33
Σ21Μ,Λέμφωμα και μη-οξεία λευχαιμία με καταστροφικές συνυπάρχουσες παθήσεις - επιπλοκές,3782.00,14,270.14
Σ21Χ,Λέμφωμα και μη-οξεία λευχαιμία χωρίς καταστροφικές συνυπάρχουσες παθήσεις - επιπλοκές,1886.00,5,377.20
Σ21Α,"Λέμφωμα και μη-οξεία λευχαιμία, την ίδια ημέρα",294.00,1,294.00
Σ22Μ,Λοιπές νεοπλαστικές παθήσεις με συνυπάρχουσες παθήσεις - επιπλοκές,1253.00,6,208.83
Σ22Χ,Λοιπές νεοπλαστικές παθήσεις χωρίς συνυπάρχουσες παθήσεις - επιπλοκές,638.00,2,319.00
Ρ01Α,"Σύνδρομο επίκτητης ανοσολογικής ανεπάρκειας (HIV), ίδια μέρα",443.00,1,443.00
Ρ05ΜΑ,Ασθένειες σχετιζόμενες με το HIV με καταστροφικές συνυπάρχουσες παθήσεις - επιπλοκές,8110.00,20,405.50
Ρ05ΜΒ,Ασθένειες σχετιζόμενες με το HIV με σοβαρές συνυπάρχουσες παθήσεις - επιπλοκές,3050.00,9,338.89
Ρ05Χ,Ασθένειες σχετιζόμενες με το HIV χωρίς καταστροφικές ή σοβαρές συνυπάρχουσες παθήσεις - επιπλοκές,2140.00,6,356.67
Ρ10ΜΑ,Επεμβάσεις για λοιμώδεις και παρασιτικές ασθένειες με καταστροφικές συνυπάρχουσες παθήσεις - επιπλοκές,7118.00,24,296.58
Ρ10ΜΒ,Επεμβάσεις για λοιμώδεις και παρασιτικές ασθένειες με σοβαρές ή μεσαίου μεγέθους συνυπάρχουσες παθήσεις - επιπλοκές,2688.00,12,224.00
Ρ10Χ,Επεμβάσεις για λοιμώδεις και παρασιτικές ασθένειες χωρίς συνυπάρχουσες παθήσεις - επιπλοκές,1473.00,7,210.43
Ρ20Α,Λοιμώδεις και παρασιτικές ασθενείς με μηχανική υποστήριξη αναπνοής,6023.00,11,547.55
Ρ20Μ,Σηψαιμία με καταστροφικές συνυπάρχουσες παθήσεις - επιπλοκές,2514.00,11,228.55
Ρ20Χ,Σηψαιμία χωρίς καταστροφικές συνυπάρχουσες παθήσεις - επιπλοκές,1261.00,6,210.17
Ρ21Μ,Μετεγχειρητικές και μετεπεμβατικές λοιμώξεις με καταστροφικές ή σοβαρές συνυπάρχουσες παθήσεις - επιπλοκές,1556.00,8,194.50
Ρ21Χ,Μετεγχειρητικές και μετεπεμβατικές λοιμώξεις χωρίς καταστροφικές ή σοβαρές συνυπάρχουσες παθήσεις - επιπλοκές,778.00,4,194.50
Ρ22Μ,Εμπύρετο αγνώστου προελεύσεως με συνυπάρχουσες παθήσεις – επιπλοκές,1105.00,5,221.00
Ρ22Χ,Εμπύρετο αγνώστου προελεύσεως χωρίς συνυπάρχουσες παθήσεις – επιπλοκές,444.00,2,222.00
Ρ23Α,Ιογενής λοιμώξεις,428.00,2,214.00
Ρ24ΜΑ,Λοιπές λοιμώξεις και παρασιτικά νοσήματα με καταστροφικές συνυπάρχουσες παθήσεις – επιπλοκές,3773.00,14,269.50
Ρ24ΜΒ,Λοιπές λοιμώξεις και παρασιτικά νοσήματα με μέτριου βαθμού συνυπάρχουσες παθήσεις – επιπλοκές,1401.00,6,233.50
Ρ24Χ,Λοιπές λοιμώξεις και παρασιτικά νοσήματα χωρίς συνυπάρχουσες παθήσεις – επιπλοκές,623.00,3,207.67
Χ20Α,"Θεραπεία διανοητικών διαταραχών με ηλεκτροσπασμοθεραπεία, ιδια μερα",148.00,1,148.00
Χ40Α,"Θεραπεία διανοητικών διαταραχών χωρίς ηλεκτροσπασμοθεραπεία, ιδια μερα",140.00,1,140.00
Χ41Α,Σχιζοφρένεια,3066.00,21,146.00
Χ42Μ,Παράνοια και οξεία ψυχωτική διαταραχή με καταστροφικές ή σοβαρές συνυπάρχουσες παθήσεις – επιπλοκές ή με νομικό καθεστώς ψυχικής υγείας,3268.00,15,217.87
Χ42Χ,Παράνοια και οξεία ψυχωτική διαταραχή με καταστροφικές ή σοβαρές συνυπάρχουσες παθήσεις – επιπλοκές ή χωρίς νομικό καθεστώς ψυχικής υγείας,1331.00,8,166.38
Χ43Α,Μείζονες συναισθηματικές διαταραχές,2568.00,14,183.43
Χ44Α,Άλλες συναισθηματικές διαταραχές και διαταραχές μετατροπής,1152.00,7,164.57
Χ45Α,Αγχώδεις διαταραχές,965.00,4,241.25
Χ46Α,Ψυχαναγκαστικές διαταραχές και διαταραχές διατροφής,4171.00,20,208.55
Χ47Α,Διαταραχή προσωπικότητας και οξείες αντιδράσεις,1214.00,6,202.33
Χ48Α,Διανοητικές δυσλειτουργίες παιδικής ηλικίας,3261.00,10,326.10
Ι20Α,Αλκοολική δηλητηρίαση και σύνδρομο στέρησης,366.00,2,183.00
Ι21Α,Δηλητηρίαση-τοξικότητα από χρήση ναρκωτικών και σύνδρομο στέρησης,1089.00,5,217.80
Ι22Μ,Δυσλειτουργία από χρήση αλκοόλ και εξάρτηση,910.00,6,151.67
Ι22Χ,"Δυσλειτουργία από χρήση αλκοόλ και εξάρτηση, της ίδιας μέρας",366.00,1,366.00
Ι23Α,Δυσλειτουργία από χρήση απιοειδών και εξάρτηση,576.00,5,115.20
Ι24Α,Δυσλειτουργία από χρήση άλλων ναρκωτικών και εξάρτηση,599.00,4,149.75
Φ01Α,Μηχανικός αερισμός αναπνοής ή κρανιακές επεμβάσεις για πολλαπλά μείζονα τραύματα,12204.00,21,581.14
Φ02Μ,"Επεμβάσεις ισχίου, μηριαίου και άκρων για πολλαπλά μείζονα τραύματα, συμπεριλαμβανομένης εμφύτευσης με καταστροφικές σοβαρές συνυπάρχουσες παθήσεις - επιπλοκές",9426.00,22,428.45
Φ02Χ,"Επεμβάσεις ισχίου, μηριαίου και άκρων για πολλαπλά μείζονα τραύματα, συμπεριλαμβανομένης εμφύτευσης χωρίς καταστροφικές σοβαρές συνυπάρχουσες παθήσεις - επιπλοκές",8412.00,15,560.80
Φ03Α,Επεμβάσεις κοιλιακής χώρας για πολλαπλά μείζονα τραύματα,5386.00,13,414.31
Φ04Μ,Λοιπές χειρουργικές επεμβάσεις για πολλαπλό τραύμα με καταστροφικές ή σοβαρές συνυπάρχουσες παθήσεις - επιπλοκές,8798.00,22,399.91
Φ04Χ,Λοιπές χειρουργικές επεμβάσεις για πολλαπλό τραύμα χωρίς καταστροφικές ή σοβαρές συνυπάρχουσες παθήσεις - επιπλοκές,5558.00,11,505.27
Φ11Μ,Πολυτραυματίας χωρίς σημαντικές επεμβάσεις με καταστροφικές ή σοβαρές συνυπάρχουσες παθήσεις – επιπλοκές,3657.00,15,243.80
Φ11Χ,Πολυτραυματίας χωρίς σημαντικές επεμβάσεις και χωρίς καταστροφικές ή σοβαρές συνυπάρχουσες παθήσεις – επιπλοκές,1883.00,7,269.00
Φ22Μ,Μικροχειρουργική μεταφορά ιστών ή δερματικό μόσχευμα με καταστροφικές ή σοβαρές συνυπάρχουσες παθήσεις- επιπλοκές για τραυματισμούς άκρας χειρός,2357.00,5,471.40
Φ22Χ,Δερματικό μόσχευμα για τραύματα του χεριού χωρίς καταστροφικές ή σοβαρές συνυπάρχουσες παθήσεις - επιπλοκές,827.00,2,413.50
Φ24Μ,Λοιπές επεμβάσεις για τραύματα κάτω άκρων με καταστροφικές ή σοβαρές συνυπάρχουσες παθήσεις - επιπλοκές,2785.00,11,253.18
Φ24Χ,Λοιπές επεμβάσεις για τραύματα κάτω άκρων χωρίς καταστροφικές ή σοβαρές συνυπάρχουσες παθήσεις - επιπλοκές,934.00,2,467.00
Φ25Μ,Άλλες επεμβάσεις για τραύματα χεριών με καταστροφικές ή σοβαρές συνυπάρχουσες παθήσεις ή επιπλοκές,1256.00,4,314.00
Φ25Χ,Άλλες επεμβάσεις για τραύματα χεριών χωρίς καταστροφικές ή σοβαρές συνυπάρχουσες παθήσεις - επιπλοκές,700.00,1,700.00
Φ26Μ,Άλλες επεμβάσεις για άλλους τραυματισμούς με καταστροφικές ή σοβαρές συνυπάρχουσες παθήσεις - επιπλοκές,2460.00,9,273.33
Φ26Χ,Άλλες επεμβάσεις για άλλους τραυματισμούς χωρίς καταστροφικές ή σοβαρές συνυπάρχουσες παθήσεις - επιπλοκές,828.00,2,414.00
Φ27Μ,Δερματικό μόσχευμα για τραυματισμούς εκτός από μικροχειρουργική μεταφορά ιστών χεριού με καταστροφικές ή σοβαρές συνυπάρχουσες παθήσεις - επιπλοκές,3631.00,17,213.59
Φ27Χ,Δερματικό μόσχευμα για τραυματισμούς εκτός από μικροχειρουργική μεταφορά ιστών χεριού χωρίς καταστροφικές ή σοβαρές συνυπάρχουσες παθήσεις - επιπλοκές,1479.00,6,246.50
Φ40Α,"Τραύματα, δηλητηριάσεις και τοξικές επιδράσεις από φάρμακα με μηχανική υποστήριξη αναπνοής",3649.00,7,521.29
Φ60Μ,Τραύματα με καταστροφικές ή σοβαρές συνυπάρχουσες παθήσεις – επιπλοκές,1144.00,7,163.43
Φ60Χ,Τραύματα χωρίς καταστροφικές ή σοβαρές συνυπάρχουσες παθήσεις – επιπλοκές,288.00,2,144.00
Φ61Α,Αλλεργικές αντιδράσεις,280.00,1,280.00
Φ62Μ,"Δηλητηριάσεις, τοξικές επιδράσεις φαρμάκων και άλλων ουσιών με καταστροφικές ή σοβαρές συνυπάρχουσες παθήσεις – επιπλοκές",1183.00,4,295.75
Φ62Χ,"Δηλητηριάσεις, τοξικές επιδράσεις φαρμάκων και άλλων ουσιών χωρίς καταστροφικές ή σοβαρές συνυπάρχουσες παθήσεις – επιπλοκές",374.00,2,187.00
Φ63Μ,Δευτερογενείς επιπλοκές θεραπείας με καταστροφικές ή σοβαρές συνυπάρχουσες παθήσεις – επιπλοκές,1245.00,6,207.50
Φ63Χ,Δευτερογενείς επιπλοκές θεραπείας χωρίς καταστροφικές ή σοβαρές συνυπάρχουσες παθήσεις – επιπλοκές,506.00,3,168.67
Φ64Μ,"Άλλες διαγνώσεις τραυματισμού, δηλητηρίασης και τοξικής επίδρασης με καταστροφικές ή σοβαρές συνυπάρχουσες παθήσεις – επιπλοκές",1159.00,5,231.80
Φ64Χ,"Άλλες διαγνώσεις τραυματισμού, δηλητηρίασης και τοξικής επίδρασης χωρίς καταστροφικές ή σοβαρές συνυπάρχουσες παθήσεις – επιπλοκές",303.00,1,303.00
Ζ01Α,Μηχανική υποστήριξη αναπνοής για εγκαυματίες και σοβαρά ολικού πάχους εγκαύματα,36068.00,38,949.16
Ζ02Μ,Λοιπά εγκαύματα και δερματικά μοσχεύματα με συνυπάρχουσες παθήσεις-επιπλοκές,7225.00,18,401.39
Ζ02Χ,Λοιπά εγκαύματα και δερματικά μοσχεύματα χωρίς συνυπάρχουσες παθήσεις-επιπλοκές,2979.00,6,496.50
Ζ03Α,Λοιπές επεμβάσεις στο χειρουργείο για εγκαύματα,2312.00,5,462.40
Ζ21Α,Σοβαρά εγκαύματα,848.00,4,212.00
Ζ22Μ,Άλλα εγκαύματα με συνυπάρχουσες παθήσεις – επιπλοκές,1167.00,6,194.50
Ζ22Χ,Άλλα εγκαύματα χωρίς συνυπάρχουσες παθήσεις – επιπλοκές,397.00,2,198.50
S01Μ,Χειρουργικές επεμβάσεις για διαγνώσεις που σχετίζονται με άλλη χρήση υπηρεσιών υγείας με σοβαρές ή καταστροφικές συνυπάρχουσες παθήσεις-επιπλοκές,2413.00,6,402.17
S01Χ,Χειρουργικές επεμβάσεις για διαγνώσεις που σχετίζονται με άλλη χρήση υπηρεσιών υγείας χωρίς σοβαρές ή καταστροφικές συνυπάρχουσες παθήσεις-επιπλοκές,1334.00,1,1334.00
S01Α,"Ενδοσκοπήσεις για διάγνωση για άλλη χρήση υπηρεσιών υγείας, ίδια ημέρα",540.00,1,540.00
S20Μ,Αποκατάσταση με καταστροφικές συνυπάρχουσες παθήσεις – επιπλοκές,2716.00,20,135.80
S20Χ,Αποκατάσταση χωρίς καταστροφικές συνυπάρχουσες παθήσεις – επιπλοκές,1759.00,19,92.58
S20Α,"Αποκατάσταση, της ίδιας ημέρας",934.00,1,934.00
S21Μ,Σημεία και συμπτώματα,887.00,5,177.40
S21Χ,"Σημεία και συμπτώματα, της ίδιας ημέρας",232.00,1,232.00
S23Μ,Follow up για χειρουργικές και ιατρικές υπηρεσίες και φροντίδα με καταστροφικές συνυπάρχουσες παθήσεις-επιπλοκές,2039.00,14,145.64
S23Χ,Follow up για χειρουργικές και ιατρικές υπηρεσίες και φροντίδα χωρίς καταστροφικές συνυπάρχουσες παθήσεις-επιπλοκές,848.00,6,141.33
S24Μ,Λοιποί παράγοντες επηρεασμού της κατάστασης της υγείας,770.00,4,192.50
S24Χ,"Λοιποί παράγοντες επηρεασμού της κατάστασης της υγείας, την ίδια ημέρα",216.00,1,216.00
S25Α,Συγγενείς ανωμαλίες και προβλήματα από την νεογνική περίοδο,1082.00,4,270.50
G01ΜΑ,Χειρουργικές επεμβάσεις που δεν σχετίζονται με κάποια κύρια διάγνωση με καταστροφικές συνυπάρχουσες παθήσεις-επιπλοκές,5709.00,22,259.50
G01ΜΒ,Χειρουργικές επεμβάσεις που δεν σχετίζονται με κάποια κύρια διάγνωση με σοβαρής βαρύτητας συνυπάρχουσες παθήσεις-επιπλοκές,3573.00,9,397.00
G01Χ,Χειρουργικές επεμβάσεις που δεν σχετίζονται με κάποια κύρια διάγνωση χωρίς συνυπάρχουσες παθήσεις-επιπλοκές,2182.00,3,727.33
W10Α,"Μη εφικτό να ταξινομηθούν, μικρής βαρύτητας",2014.00,3,671.33
W11Α,"Μη αποδεκτή κύρια διάγνωση, μικρής βαρύτητας",991.00,2,495.50
W13Α,"Διάγνωση για νεογνά, που δεν είναι συμβατή με την ηλικία/βάρος, μικρής βαρύτητας",685.00,2,342.50
